code_pays,nom_pays,peuples_reels_estimes,peuples_documentes,couverture_pourcent,peuples_a_creer,priorite,statut
AGO,AGO,90+,49,54.4%,82+,HAUTE,‚úÖ Termin√©
CIV,CIV,60+,8,13.3%,54+,HAUTE,‚úÖ Termin√©
ETH,ETH,80+,37,46.3%,74+,HAUTE,‚úÖ Termin√©
GHA,GHA,100+,44,44%,94+,HAUTE,‚úÖ Termin√©
TZA,TZA,100+,69,69%,93+,HAUTE,‚úÖ Termin√©
ZMB,ZMB,70+,46,65.7%,65+,HAUTE,‚úÖ Termin√©
BFA,BFA,60+,10,16.7%,50+,MOYENNE,‚è≥ √Ä traiter
KEN,KEN,40+,10,25%,30+,MOYENNE,‚è≥ √Ä traiter
MOZ,MOZ,40+,10,25%,30+,MOYENNE,‚è≥ √Ä traiter
UGA,UGA,50+,8,16%,42+,MOYENNE,‚è≥ √Ä traiter
BDI,BDI,?,3,?,?,FAIBLE,‚è≥ √Ä traiter
BEN,BEN,20+,8,40%,12+,FAIBLE,‚è≥ √Ä traiter
BWA,BWA,?,8,?,?,FAIBLE,‚è≥ √Ä traiter
CAF,CAF,?,7,?,?,FAIBLE,‚è≥ √Ä traiter
CMR,CMR,278,9,3.2%,269,CRITIQUE,‚è≥ √Ä traiter
COD,COD,200+,0,0%,188+,CRITIQUE,üîÑ En cours
COM,COM,?,1,?,?,FAIBLE,‚è≥ √Ä traiter
CPV,CPV,?,2,?,?,FAIBLE,‚è≥ √Ä traiter
DJI,DJI,?,4,?,?,FAIBLE,‚è≥ √Ä traiter
DZA,DZA,?,6,?,?,FAIBLE,‚è≥ √Ä traiter
EGY,EGY,?,4,?,?,FAIBLE,‚è≥ √Ä traiter
ERI,ERI,?,8,?,?,FAIBLE,‚è≥ √Ä traiter
GAB,GAB,?,7,?,?,FAIBLE,‚è≥ √Ä traiter
GIN,GIN,20+,7,35%,13+,FAIBLE,‚è≥ √Ä traiter
GMB,GMB,20+,8,40%,12+,FAIBLE,‚è≥ √Ä traiter
GNB,GNB,20+,9,45%,11+,FAIBLE,‚è≥ √Ä traiter
GNQ,GNQ,?,5,?,?,FAIBLE,‚è≥ √Ä traiter
LBR,LBR,20+,21,105%,5+,FAIBLE,‚úÖ Termin√©
LBY,LBY,?,4,?,?,FAIBLE,‚è≥ √Ä traiter
LSO,LSO,?,2,?,?,FAIBLE,‚è≥ √Ä traiter
MAR,MAR,?,6,?,?,FAIBLE,‚è≥ √Ä traiter
MDG,MDG,20+,7,35%,13+,FAIBLE,‚è≥ √Ä traiter
MLI,MLI,20+,7,35%,13+,FAIBLE,‚è≥ √Ä traiter
MRT,MRT,?,7,?,?,FAIBLE,‚è≥ √Ä traiter
MUS,MUS,?,5,?,?,FAIBLE,‚è≥ √Ä traiter
MWI,MWI,?,9,?,?,FAIBLE,‚è≥ √Ä traiter
NAM,NAM,?,9,?,?,FAIBLE,‚è≥ √Ä traiter
NER,NER,20+,7,35%,13+,FAIBLE,‚è≥ √Ä traiter
NGA,NGA,250+,14,5.6%,240+,CRITIQUE,‚úÖ Termin√©
RWA,RWA,?,3,?,?,FAIBLE,‚è≥ √Ä traiter
SDN,SDN,500+,5,1%,495+,CRITIQUE,‚è≥ √Ä traiter
SEN,SEN,20+,6,30%,14+,FAIBLE,‚è≥ √Ä traiter
SLE,SLE,?,7,?,?,FAIBLE,‚è≥ √Ä traiter
SOM,SOM,?,4,?,?,FAIBLE,‚è≥ √Ä traiter
SSD,SSD,?,5,?,?,FAIBLE,‚è≥ √Ä traiter
STP,STP,?,5,?,?,FAIBLE,‚è≥ √Ä traiter
SWZ,SWZ,?,2,?,?,FAIBLE,‚è≥ √Ä traiter
SYC,SYC,?,5,?,?,FAIBLE,‚è≥ √Ä traiter
TCD,TCD,200+,5,2.5%,195+,CRITIQUE,‚è≥ √Ä traiter
TGO,TGO,?,4,?,?,FAIBLE,‚è≥ √Ä traiter
TUN,TUN,?,2,?,?,FAIBLE,‚è≥ √Ä traiter
ZAF,ZAF,?,9,?,?,FAIBLE,‚è≥ √Ä traiter
ZWE,ZWE,?,3,?,?,FAIBLE,‚è≥ √Ä traiter
