id_peuple,nom_peuple,famille_linguistique,population_totale,nombre_de_pays,pays_principaux,population_afrique,annee_reference,source
PPL_AUTRES_GROUPES,"Autres groupes",,1350000,1,"N/A",1350000,2025,"N/A"
PPL_AFRICAINS_D_ORIGINE_RECENTE,"Africains d'origine récente",FLG_ATLANTIQUE,6000,1,"N/A",6000,2025,"N/A"
PPL_BIJAGO_BIDYOGO,"Bijagó / Bidyogo",FLG_ATLANTIQUE,65000,1,"N/A",65000,2025,"N/A"
PPL_DEI,"Dei",FLG_ATLANTIQUE,105000,1,"N/A",105000,2025,"N/A"
PPL_FULA, PPL_FULANI,"Peul / Fula",FLG_ATLANTIQUE,4950000,1,"N/A",4950000,2025,"N/A"
PPL_FULA,"Fula (Fulɓe / Peul)",FLG_ATLANTIQUE,39000000,1,"N/A",39000000,2025,"Estimations basées sur CIA World Factbook, UNFPA, recensements nationaux, et études démographiques régionales"
PPL_FULANI_MASSINA,"Fulɓe du Massina (Peuls du Massina / Macina)",FLG_ATLANTIQUE,1251013,1,"N/A",1251013,2025,"Ethnologue (ffm), estimations AFRIK, recensements maliens"
PPL_KISSI,"Kissi",FLG_ATLANTIQUE,750000,1,"N/A",750000,2025,"N/A"
PPL_MANCANHA,"Mancanha",FLG_ATLANTIQUE,100000,1,"N/A",100000,2025,"N/A"
PPL_MANJAK_BAINUK,"Manjak / Bainuk",FLG_ATLANTIQUE,80000,1,"N/A",80000,2025,"N/A"
PPL_ANTAKARANA,"Antakarana",FLG_AUSTRONESIENNE,650000,1,"N/A",650000,2025,"Estimations basées sur recensements malgaches, CIA World Factbook, et études démographiques"
PPL_ANTAMBAHOAKA,"Antambahoaka",FLG_AUSTRONESIENNE,150000,1,"N/A",150000,2025,"Estimations basées sur recensements malgaches, CIA World Factbook, et études démographiques"
PPL_ANTANDROY,"Antandroy",FLG_AUSTRONESIENNE,1250000,1,"N/A",1250000,2025,"Estimations basées sur recensements malgaches, CIA World Factbook, et études démographiques"
PPL_ANTSALOVA,"Antsalova",FLG_AUSTRONESIENNE,150000,1,"N/A",150000,2025,"Estimations basées sur recensements malgaches, CIA World Factbook, et études démographiques"
PPL_AUSTRO_MACRO,"Peuples Austronésiens (macro-groupe)",FLG_AUSTRONESIENNE,28500000,1,"N/A",28500000,2025,"Estimations basées sur CIA World Factbook, recensements malgaches, et études démographiques"
PPL_BETSILEO,"Betsileo",FLG_AUSTRONESIENNE,1750000,1,"N/A",1750000,2025,"Estimations basées sur recensements malgaches, CIA World Factbook, et études démographiques"
PPL_BETSIMISARAKA,"Betsimisaraka",FLG_AUSTRONESIENNE,2500000,1,"N/A",2500000,2025,"Estimations basées sur recensements malgaches, CIA World Factbook, et études démographiques"
PPL_BEZANOZANO,"Bezanozano",FLG_AUSTRONESIENNE,300000,1,"N/A",300000,2025,"Estimations basées sur recensements malgaches, CIA World Factbook, et études démographiques"
PPL_MERINA,"Merina",FLG_AUSTRONESIENNE,5500000,1,"N/A",5500000,2025,"Estimations basées sur recensements malgaches, CIA World Factbook, et études démographiques"
PPL_MIKEA,"Mikea",FLG_AUSTRONESIENNE,75000,1,"N/A",75000,2025,"Estimations basées sur recensements malgaches, CIA World Factbook, et études démographiques"
PPL_SAKALAVA,"Sakalava",FLG_AUSTRONESIENNE,1750000,1,"N/A",1750000,2025,"Estimations basées sur recensements malgaches, CIA World Factbook, et études démographiques"
PPL_TANOSY,"Tanosy (Antanosy)",FLG_AUSTRONESIENNE,650000,1,"N/A",650000,2025,"Estimations basées sur recensements malgaches, CIA World Factbook, et études démographiques"
PPL_TSIMIHETY,"Tsimihety",FLG_AUSTRONESIENNE,1250000,1,"N/A",1250000,2025,"Estimations basées sur recensements malgaches, CIA World Factbook, et études démographiques"
PPL_VEZO,"Vezo",FLG_AUSTRONESIENNE,300000,1,"N/A",300000,2025,"Estimations basées sur recensements malgaches, CIA World Factbook, et études démographiques"
PPL_AKA,"Aka",FLG_BANTU,200000,1,"N/A",200000,2025,"N/A"
PPL_BAGANDA,"Baganda / Ganda",FLG_BANTU,8499000,1,"N/A",8499000,2025,"peuple_demographie_globale.csv (PPL_BAGANDA) + statistiques nationales ougandaises"
PPL_BAKOSSI,"Bakossi",FLG_BANTU,160000,1,"N/A",160000,2025,"peuple_demographie_globale.csv (PPL_BAKOSSI) + estimations démographiques régionales"
PPL_BAKWERI,"Bakweri",FLG_BANTU,230000,1,"N/A",230000,2025,"peuple_demographie_globale.csv (PPL_BAKWERI) + synthèse d’études démographiques camerounaises"
PPL_BANTOUS_SOMALIENS,"Bantous somaliens",FLG_BANTU,900000,1,"N/A",900000,2025,"N/A"
PPL_BANYANKOLE,"Banyankole",FLG_BANTU,3500000,1,"N/A",3500000,2025,"Fiche pays UGA, estimations ONU"
PPL_BANYORO,"Banyoro",FLG_BANTU,1250000,1,"N/A",1250000,2025,"Estimations basées sur recensements ougandais, SIL Ethnologue, et études démographiques"
PPL_BASOGA,"Basoga / Soga",FLG_BANTU,3500000,1,"N/A",3500000,2025,"peuple_demographie_globale.csv (PPL_BASOGA) + estimations récentes des groupes ethniques d’Ouganda"
PPL_BASSA_CAM,"Bassa du Cameroun",FLG_BANTU,421013,1,"N/A",421013,2025,"peuple_demographie_globale.csv (PPL_BASSA_CAM), Ethnologue, recensements camerounais"
PPL_BATOORO,"Batooro",FLG_BANTU,1000000,1,"N/A",1000000,2025,"Fiche pays UGA, estimations ONU"
PPL_BETI, PPL_BETI_FANG, PPL_FANG, PPL_BULU, PPL_EWONDO,"Beti-Fang-Bulu",FLG_BANTU,6600000,1,"N/A",6600000,2025,"N/A"
PPL_BETI,"Béti",FLG_BANTU,5000000,1,"N/A",5000000,2025,"regroupement Beti dans peuple_demographie_globale.csv (à partir des sous-groupes Fang, Ewondo, Bulu)"
PPL_BUBI,"Bubi",FLG_BANTU,90000,1,"N/A",90000,2025,"N/A"
PPL_BUGANDA,"Baganda",FLG_BANTU,6000000,1,"N/A",6000000,2025,"Estimations basées sur recensements ougandais, SIL Ethnologue, et études démographiques"
PPL_CHOPI,"Chopi",FLG_BANTU,600000,1,"N/A",600000,2025,"N/A"
PPL_COMORIEN,"COMORIEN",FLG_BANTU,576013,1,"N/A",576013,2025,"estimations AFRIK, recensements Comores/Mayotte, Ethnologue"
PPL_DUALA, PPL_BASSA_CAM, autres,"Sawa / Peuples côtiers",FLG_BANTU,2250000,1,"N/A",2250000,2025,"N/A"
PPL_DUALA,"Duala",FLG_BANTU,400000,1,"N/A",400000,2025,"peuple_demographie_globale.csv (PPL_DUALA)"
PPL_EMBU,"Embu",FLG_BANTU,850000,1,"N/A",850000,2025,"peuple_demographie_globale.csv (PPL_EMBU)"
PPL_GBAYA,"Gbaya",FLG_BANTU,1500000,1,"N/A",1500000,2025,"N/A"
PPL_HAVU,"Havu",FLG_BANTU,650000,1,"RDC",650000,2025,"Estimations basées sur recensements congolais, SIL Ethnologue, et études démographiques"
PPL_HAYA,"Haya",FLG_BANTU,1750000,1,"N/A",1750000,2025,"Estimations basées sur recensements tanzaniens, SIL Ethnologue, et études démographiques"
PPL_HEHE,"Hehe",FLG_BANTU,1000000,1,"N/A",1000000,2025,"Estimations basées sur recensements tanzaniens, SIL Ethnologue, et études démographiques"
PPL_HERERO,"Herero",FLG_BANTU,250000,1,"N/A",250000,2025,"Estimations basées sur recensements, SIL Ethnologue, et études démographiques"
PPL_HOBA,"Hoba",FLG_BANTU,150000,2,"RDC, RCA",150000,2025,"Estimations basées sur recensements, SIL Ethnologue, et études démographiques"
PPL_HUNDE,"Hunde",FLG_BANTU,650000,1,"RDC",650000,2025,"Estimations basées sur recensements congolais, SIL Ethnologue, et études démographiques"
PPL_HUTU_BURUNDI,"Hutu du Burundi",FLG_BANTU,6300000,1,"N/A",6300000,2025,"peuple_demographie_globale.csv (PPL_HUTU_BURUNDI)"
PPL_KALANGA,"Kalanga",FLG_BANTU,150000,1,"N/A",150000,2025,"N/A"
PPL_KAMBA,"Kamba",FLG_BANTU,4500000,1,"N/A",4500000,2025,"Estimations basées sur recensements kényans, SIL Ethnologue, et études démographiques"
PPL_KIKUYU,"Kikuyu",FLG_BANTU,9000000,1,"N/A",9000000,2025,"Estimations basées sur recensements kényans, SIL Ethnologue, et études démographiques"
PPL_KISII (à vérifier si fichier existe),"Kisii",FLG_BANTU,3300000,1,"N/A",3300000,2025,"N/A"
PPL_KONGO,"Kongo",FLG_BANTU,12500000,1,"RDC",12500000,2025,"Estimations basées sur recensements, SIL Ethnologue, et études démographiques"
PPL_KUBA,"Kuba",FLG_BANTU,300000,1,"RDC",300000,2025,"Estimations basées sur recensements congolais, SIL Ethnologue, et études démographiques"
PPL_LOZI,"Lozi",FLG_BANTU,750000,1,"N/A",750000,2025,"Estimations basées sur recensements, SIL Ethnologue, et études démographiques"
PPL_LUBA,"Luba",FLG_BANTU,8500000,1,"RDC",8500000,2025,"Estimations basées sur recensements congolais, SIL Ethnologue, et études démographiques"
PPL_LUHYA (à vérifier si fichier existe),"Luhya",FLG_BANTU,7700000,1,"N/A",7700000,2025,"N/A"
PPL_LUNDA,"Lunda",FLG_BANTU,1250000,1,"RDC",1250000,2025,"Estimations basées sur recensements, SIL Ethnologue, et études démographiques"
PPL_MAKONDE,"Makonde",FLG_BANTU,1750000,1,"N/A",1750000,2025,"Estimations basées sur recensements, SIL Ethnologue, et études démographiques"
PPL_MANJA,"Manja",FLG_BANTU,300000,1,"N/A",300000,2025,"N/A"
PPL_MBETE,"Mbete",FLG_BANTU,120000,1,"N/A",120000,2025,"N/A"
PPL_MBUKUSHU,"Mbukushu",FLG_BANTU,30000,1,"N/A",30000,2025,"N/A"
PPL_MERU,"Meru",FLG_BANTU,2500000,1,"N/A",2500000,2025,"Estimations basées sur recensements kényans, SIL Ethnologue, et études démographiques"
PPL_MIJIKENDA (à vérifier si fichier existe),"Mijikenda",FLG_BANTU,2700000,1,"N/A",2700000,2025,"N/A"
PPL_MONGO,"Mongo",FLG_BANTU,6000000,1,"RDC",6000000,2025,"Estimations basées sur recensements congolais, SIL Ethnologue, et études démographiques"
PPL_NANDE,"Nande",FLG_BANTU,1250000,1,"RDC",1250000,2025,"Estimations basées sur recensements congolais, SIL Ethnologue, et études démographiques"
PPL_NDEBELE,"Ndebele",FLG_BANTU,2500000,1,"N/A",2500000,2025,"Estimations basées sur recensements, SIL Ethnologue, et études démographiques"
PPL_NDEBELE_SA,"Ndebele d'Afrique du Sud",FLG_BANTU,750000,1,"N/A",750000,2025,"Estimations basées sur recensements sud-africains, SIL Ethnologue, et études démographiques"
PPL_NDOWE,"Ndowe",FLG_BANTU,60000,1,"N/A",60000,2025,"N/A"
PPL_NYAMWEZI,"Nyamwezi",FLG_BANTU,1750000,1,"N/A",1750000,2025,"Estimations basées sur recensements tanzaniens, SIL Ethnologue, et études démographiques"
PPL_OVAMBO,"Ovambo",FLG_BANTU,1750000,1,"N/A",1750000,2025,"Estimations basées sur recensements, SIL Ethnologue, et études démographiques"
PPL_PEUPLES_FORESTIERS_DU_SUD_ET_DE_L_EST,"Peuples forestiers du Sud et de l'Est",FLG_BANTU,1800000,1,"N/A",1800000,2025,"N/A"
PPL_PYGMEES_AUTOCHTONES,"Pygmées / Autochtones",FLG_BANTU,600000,1,"N/A",600000,2025,"N/A"
PPL_RWENDAIS_HUTU,"Hutu du Rwanda",FLG_BANTU,11000000,1,"N/A",11000000,2025,"Estimations basées sur recensements rwandais, SIL Ethnologue, et études démographiques"
PPL_RWENDAIS_TUTSI,"Tutsi du Rwanda",FLG_BANTU,1500000,1,"N/A",1500000,2025,"Estimations basées sur recensements rwandais, SIL Ethnologue, et études démographiques"
PPL_SANGO,"Sango (Bantou)",FLG_BANTU,750000,2,"RCA, RDC",750000,2025,"Estimations basées sur recensements, SIL Ethnologue, et études démographiques"
PPL_SAWA,"Sawa",FLG_BANTU,1603433,1,"N/A",1603433,2025,"Estimations AFRIK basées sur :"
PPL_SHONA,"Shona",FLG_BANTU,17500000,1,"N/A",17500000,2025,"Estimations basées sur recensements, SIL Ethnologue, et études démographiques"
PPL_SOTHO, PPL_SOTHO_SUD, PPL_SESOTHO_NATL,"Sotho / Basotho",FLG_BANTU,2200000,1,"N/A",2200000,2025,"N/A"
PPL_SOTHO,"Sotho",FLG_BANTU,8000000,1,"N/A",8000000,2025,"Estimations basées sur recensements, SIL Ethnologue, et études démographiques"
PPL_SUKUMA,"Sukuma",FLG_BANTU,6000000,1,"N/A",6000000,2025,"Estimations basées sur recensements tanzaniens, SIL Ethnologue, et études démographiques"
PPL_SWAHILI,"Swahili",FLG_BANTU,2500000,1,"N/A",2500000,2025,"Estimations basées sur recensements, SIL Ethnologue, et études démographiques"
PPL_TEKE,"Teke",FLG_BANTU,120000,1,"N/A",120000,2025,"N/A"
PPL_TEKKE,"Tekke",FLG_BANTU,150000,1,"RDC",150000,2025,"Estimations basées sur recensements congolais, SIL Ethnologue, et études démographiques"
PPL_TONGA,"Tonga",FLG_BANTU,800000,1,"N/A",800000,2025,"N/A"
PPL_TONGA_ZAMBIA,"Batonga / Tonga",FLG_BANTU,1800000,1,"N/A",1800000,2025,"peuple_demographie_globale.csv (PPL_BATONGA)"
PPL_TSWANA,"Tswana",FLG_BANTU,7000000,1,"N/A",7000000,2025,"Estimations basées sur recensements, SIL Ethnologue, et études démographiques"
PPL_TUMBUKA,"Tumbuka",FLG_BANTU,2500000,1,"N/A",2500000,2025,"Estimations basées sur recensements, SIL Ethnologue, et études démographiques"
PPL_TUTSI_BURUNDI,"Tutsi du Burundi",FLG_BANTU,1700000,1,"N/A",1700000,2025,"peuple_demographie_globale.csv (PPL_TUTSI_BURUNDI)"
PPL_VENDA,"Venda",FLG_BANTU,1250000,1,"N/A",1250000,2025,"Estimations basées sur recensements, SIL Ethnologue, et études démographiques"
PPL_WOLOF_BANTU,"Wolof (Bantou)",FLG_BANTU,6000000,1,"N/A",6000000,2025,"Estimations basées sur recensements, SIL Ethnologue, et études démographiques"
PPL_XHOSA,"Xhosa",FLG_BANTU,9000000,1,"N/A",9000000,2025,"Estimations basées sur recensements sud-africains, SIL Ethnologue, et études démographiques"
PPL_YAKA,"Yaka",FLG_BANTU,1250000,1,"RDC",1250000,2025,"Estimations basées sur recensements, SIL Ethnologue, et études démographiques"
PPL_YAO,"Yao",FLG_BANTU,3500000,1,"N/A",3500000,2025,"Estimations basées sur recensements, SIL Ethnologue, et études démographiques"
PPL_YEYI,"Yeyi",FLG_BANTU,30000,1,"N/A",30000,2025,"N/A"
PPL_ZULU,"Zoulou",FLG_BANTU,13500000,1,"N/A",13500000,2025,"Estimations basées sur recensements sud-africains, SIL Ethnologue, et études démographiques"
PPL_ADJA, PPL_EWE,"Adja-Ewe",FLG_BENOUECONGO,2240000,1,"N/A",2240000,2025,"N/A"
PPL_ATTIE,"Attié",FLG_KWA,420013,1,"N/A",420013,2025,"Joshua Project (2025), Ethnologue/SIL (2017 : 500 000 locuteurs), PeopleGroups.org (839 000)"
PPL_EFIK,"EFIK",FLG_BENOUECONGO,176013,1,"N/A",176013,2025,"Ethnologue (efi), Calabar Historical Records, estimations AFRIK"
PPL_IBIBIO,"Ibibio",FLG_BENOUECONGO,5000000,1,"N/A",5000000,2025,"Estimations basées sur recensements nigérians, CIA World Factbook, et études démographiques"
PPL_IDOMA,"Idoma",FLG_BENOUECONGO,1750000,1,"N/A",1750000,2025,"Estimations basées sur recensements nigérians, CIA World Factbook, et études démographiques"
PPL_IGBO,"Igbo",FLG_BENOUECONGO,19683513,1,"N/A",19683513,2025,"peuple_demographie_globale.csv, Ethnologue, Nigerian Census, estimations AFRIK"
PPL_YORUBA, PPL_ANAGO,"Yoruba / Nago",FLG_BENOUECONGO,1680000,1,"N/A",1680000,2025,"N/A"
PPL_YORUBA,"Yoruba",FLG_BENOUECONGO,50741000,1,"N/A",50741000,2025,"peuple_demographie_globale.csv, estimations basées sur recensements, SIL Ethnologue, études démographiques, Yoruba Diaspora Studies"
PPL_AMAZIGH_MACRO (groupe minoritaire en Tunisie),"Berbères de Tunisie",FLG_BERBERE,240000,1,"N/A",240000,2025,"N/A"
PPL_CHENOUA,"Chenoua",FLG_BERBERE,65000,1,"N/A",65000,2025,"AFRIK, estimations basées sur recensements et études démographiques"
PPL_GHOMARA,"Ghomara",FLG_BERBERE,100000,1,"N/A",100000,2025,"peuple_demographie_globale.csv"
PPL_KABYLE,"Kabyle",FLG_BERBERE,10000000,1,"N/A",10000000,2025,"Estimations basées sur Ethnologue (SIL International, 2024), CIA World Factbook, ONS Algérie (projections 2025), UNFPA Algérie, travaux de Salem Chaker (INALCO), peuple_demographie_globale.csv"
PPL_TUAREG,"Touareg",FLG_BERBERE,4000000,1,"N/A",4000000,2025,"AFRIK, estimations basées sur recensements et études démographiques"
PPL_ARSII,"Arsi (Arsii)",FLG_COUCHITIQUE,2750000,1,"N/A",2750000,2025,"Estimations basées sur recensements éthiopiens, CIA World Factbook, et études démographiques"
PPL_BURJI,"Burji",FLG_COUCHITIQUE,125000,1,"N/A",125000,2025,"Estimations basées sur recensements éthiopiens et kenyans, SIL Ethnologue, et études démographiques"
PPL_DASANECH,"Dasanach",FLG_COUCHITIQUE,180000,1,"N/A",180000,2025,"peuple_demographie_globale.csv"
PPL_KONSO,"Konso",FLG_COUCHITIQUE,275000,1,"N/A",275000,2025,"Estimations basées sur recensements éthiopiens, CIA World Factbook, et études démographiques"
PPL_LIBIDO,"Libido (Marako)",FLG_COUCHITIQUE,65000,1,"N/A",65000,2025,"Estimations basées sur recensements éthiopiens, SIL Ethnologue, et études démographiques"
PPL_SAHO,"Saho",FLG_COUCHITIQUE,280000,1,"N/A",280000,2025,"N/A"
PPL_SEBATBET,"Sebat Bet Gurage",FLG_COUCHITIQUE,1750000,1,"N/A",1750000,2025,"Estimations basées sur recensements éthiopiens, CIA World Factbook, et études démographiques"
PPL_AMERICANO_LIBERIENS,"Américano-Libériens",FLG_CREOLE,105000,1,"N/A",105000,2025,"N/A"
PPL_ANAFRO_CRIOULO,"Anafro Crioulo",FLG_CREOLE,250000,1,"N/A",250000,2025,"Estimations basées sur recensements guinéens-bissauens, SIL Ethnologue, et études démographiques"
PPL_ANGOLAR,"Angolar",FLG_CREOLE,7500,1,"N/A",7500,2025,"Estimations basées sur recensements santoméens, SIL Ethnologue, et études démographiques"
PPL_ANNOBON,"Annobon",FLG_CREOLE,15000,1,"N/A",15000,2025,"N/A"
PPL_CREOLE_CABOVERDIEN,"Créole Cap-Verdien",FLG_CREOLE,650000,1,"N/A",650000,2025,"Estimations basées sur recensements cap-verdiens, CIA World Factbook, et études démographiques"
PPL_CREOLE_MACRO,"Peuples Créoles (macro-groupe)",FLG_CREOLE,2500000,1,"N/A",2500000,2025,"Estimations basées sur CIA World Factbook, recensements nationaux, et études démographiques"
PPL_CREOLE_MAURICE,"Créole Mauricien",FLG_CREOLE,450000,1,"N/A",450000,2025,"Estimations basées sur recensements mauriciens, CIA World Factbook, et études démographiques"
PPL_CREOLE_REUNION,"Créole Réunionnais",FLG_CREOLE,250000,1,"N/A",250000,2025,"Estimations basées sur recensements français, SIL Ethnologue, et études démographiques"
PPL_CREOLE_SEYCHELLES,"Créole Seychellois",FLG_CREOLE,90000,1,"N/A",90000,2025,"Estimations basées sur recensements seychellois, CIA World Factbook, et études démographiques"
PPL_FORROS,"Forros",FLG_CREOLE,75000,1,"N/A",75000,2025,"Estimations basées sur recensements santoméens, SIL Ethnologue, et études démographiques"
PPL_FRANCO_MAURICIENS,"Franco-Mauriciens",FLG_CREOLE,20000,1,"N/A",20000,2025,"N/A"
PPL_FRANCO_SEYCHELLOIS,"Franco-Seychellois",FLG_CREOLE,1000,1,"N/A",1000,2025,"N/A"
PPL_INDO_MAURICIENS,"Indo-Mauriciens",FLG_CREOLE,750000,1,"N/A",750000,2025,"N/A"
PPL_INDO_SEYCHELLOIS,"Indo-Seychellois",FLG_CREOLE,5000,1,"N/A",5000,2025,"N/A"
PPL_KHOISAN_CREOLE,"Khoisan Créole",FLG_CREOLE,75000,1,"N/A",75000,2025,"Estimations basées sur recensements, SIL Ethnologue, et études démographiques"
PPL_KRIO,"Krio",FLG_CREOLE,600000,1,"N/A",600000,2025,"Estimations basées sur recensements sierra-léonais, CIA World Factbook, et études démographiques"
PPL_PAPELO,"Papelo",FLG_CREOLE,75000,1,"N/A",75000,2025,"Estimations basées sur recensements guinéens-bissauens, SIL Ethnologue, et études démographiques"
PPL_SINO_MAURICIENS,"Sino-Mauriciens",FLG_CREOLE,30000,1,"N/A",30000,2025,"N/A"
PPL_SINO_SEYCHELLOIS,"Sino-Seychellois",FLG_CREOLE,2000,1,"N/A",2000,2025,"N/A"
PPL_TONGAS,"Tongas",FLG_CREOLE,50000,1,"N/A",50000,2025,"N/A"
PPL_BARIBA,"Bariba",FLG_GUR,1260000,1,"N/A",1260000,2025,"N/A"
PPL_GOURMANTCHE,"Gourmantché",FLG_GUR,1610000,1,"N/A",1610000,2025,"N/A"
PPL_GOUROUNSI,"Gourounsi",FLG_GUR,690000,1,"N/A",690000,2025,"N/A"
PPL_LAMBA,"Lamba",FLG_GUR,280000,1,"N/A",280000,2025,"N/A"
PPL_LOBI_BIRIFOR,"Lobi / Birifor",FLG_GUR,1150000,1,"N/A",1150000,2025,"N/A"
PPL_OTAMARI_SOMBA,"Otamari / Somba",FLG_GUR,700000,1,"N/A",700000,2025,"N/A"
PPL_SENUFO, PPL_LOBI,"Voltaïques / Gur",FLG_GUR,4590000,1,"N/A",4590000,2025,"N/A"
PPL_DAMARA,"Damara",FLG_KHOE,150000,1,"N/A",150000,2025,"Estimations basées sur recensements namibiens, SIL Ethnologue, et études démographiques"
PPL_GONA,"Gona",FLG_KHOE,35000,1,"N/A",35000,2025,"Estimations basées sur recensements botswanais, SIL Ethnologue, et études démographiques"
PPL_HAIOM,"Haiǁom",FLG_KHOE,35000,1,"N/A",35000,2025,"Estimations basées sur recensements namibiens, SIL Ethnologue, et études démographiques"
PPL_KGALAGADI,"Kgalagadi",FLG_KHOE,75000,1,"N/A",75000,2025,"Estimations basées sur recensements, SIL Ethnologue, et études démographiques"
PPL_KHAINAI,"Khainai",FLG_KHOE,35000,1,"N/A",35000,2025,"Estimations basées sur recensements botswanais, SIL Ethnologue, et études démographiques"
PPL_KHOE_MACRO,"Peuples Khoe (macro-groupe)",FLG_KHOE,400000,1,"N/A",400000,2025,"Estimations basées sur recensements, SIL Ethnologue, et études démographiques"
PPL_KWADI,"Kwadi",FLG_KHOE,3000,1,"N/A",3000,2025,"Estimations basées sur recensements angolais, SIL Ethnologue, et études démographiques"
PPL_KXOE,"Kxoe",FLG_KHOE,15000,1,"N/A",15000,2025,"Estimations basées sur recensements, SIL Ethnologue, et études démographiques"
PPL_NAMA,"Nama",FLG_KHOE,250000,1,"N/A",250000,2025,"Estimations basées sur recensements, SIL Ethnologue, et études démographiques"
PPL_SAN, PPL_KHOIKHOI,"Khoisan",FLG_KHOE,350000,1,"N/A",350000,2025,"N/A"
PPL_SHUA,"Shua",FLG_KHOE,7500,1,"N/A",7500,2025,"Estimations basées sur recensements botswanais, SIL Ethnologue, et études démographiques"
PPL_TSHUWA,"Tshuwa",FLG_KHOE,7500,1,"N/A",7500,2025,"Estimations basées sur recensements botswanais, SIL Ethnologue, et études démographiques"
PPL_BAKWE,"Bakwé",FLG_KROU,75000,1,"N/A",75000,2025,"Estimations basées sur recensements ivoiriens, SIL Ethnologue, et études démographiques"
PPL_BETE, PPL_WE,"Krou",FLG_KROU,2970000,1,"N/A",2970000,2025,"N/A"
PPL_BETE,"Bété",FLG_KROU,1251013,1,"N/A",1251013,2025,"Ethnologue, estimations AFRIK, recensements ivoiriens"
PPL_GBODJIBO,"Gbodjibo",FLG_KROU,35000,1,"N/A",35000,2025,"Estimations basées sur recensements ivoiriens, SIL Ethnologue, et études démographiques"
PPL_GREBO,"Grebo",FLG_KROU,350000,1,"N/A",350000,2025,"Estimations basées sur recensements libériens et ivoiriens, CIA World Factbook, et études démographiques"
PPL_KOUYA,"Kouya",FLG_KROU,45000,1,"N/A",45000,2025,"Estimations basées sur recensements ivoiriens, SIL Ethnologue, et études démographiques"
PPL_KRU,"Kru",FLG_KROU,250000,1,"N/A",250000,2025,"Estimations basées sur recensements libériens, CIA World Factbook, et études démographiques"
PPL_TAIZI,"Taizi",FLG_KROU,35000,1,"N/A",35000,2025,"Estimations basées sur recensements ivoiriens, SIL Ethnologue, et études démographiques"
PPL_WANE,"Wane",FLG_KROU,35000,1,"N/A",35000,2025,"Estimations basées sur recensements ivoiriens, SIL Ethnologue, et études démographiques"
PPL_WE,"Wè (Guéré)",FLG_KROU,500000,1,"N/A",500000,2025,"Estimations basées sur recensements ivoiriens et libériens, CIA World Factbook, et études démographiques"
PPL_BUGAKWE,"Bugakwe",FLG_KXA,750,1,"N/A",750,2025,"Estimations basées sur recensements botswanais, SIL Ethnologue, et études démographiques"
PPL_HOA,"ǂHoan",FLG_KXA,1500,1,"N/A",1500,2025,"Estimations basées sur recensements botswanais, SIL Ethnologue, et études démographiques"
PPL_JUHOANSI,"Ju|'hoansi",FLG_KXA,17500,1,"N/A",17500,2025,"Estimations basées sur recensements namibiens et botswanais, SIL Ethnologue, et études démographiques"
PPL_KUNG,"!Kung",FLG_KXA,12500,1,"N/A",12500,2025,"Estimations basées sur recensements, SIL Ethnologue, et études démographiques"
PPL_KXA_MACRO,"Peuples Kx'a (macro-groupe)",FLG_KXA,30000,1,"N/A",30000,2025,"Estimations basées sur recensements, SIL Ethnologue, et études démographiques"
PPL_SAN, PPL_KXA_MACRO, PPL_TUU_MACRO, PPL_HOA, PPL_KXOE,"San",FLG_KXA,50000,1,"N/A",50000,2025,"N/A"
PPL_TSAO_KXA,"Tshao Kx'a",FLG_KXA,750,1,"N/A",750,2025,"Estimations basées sur recensements botswanais, SIL Ethnologue, et études démographiques"
PPL_BAMBARA,"Bambara",FLG_MANDE,3894513,1,"N/A",3894513,2025,"Ethnologue (SIL International), Joshua Project, PeopleGroups.org, recensements maliens, estimations AFRIK"
PPL_BISSA,"Bissa",FLG_MANDE,690000,1,"N/A",690000,2025,"N/A"
PPL_BOSO,"Boso",FLG_MANDE,35000,1,"N/A",35000,2025,"Estimations basées sur recensements ivoiriens, SIL Ethnologue, et études démographiques"
PPL_DAFING,"Dafing",FLG_MANDE,150000,1,"N/A",150000,2025,"Estimations basées sur recensements burkinabé et maliens, SIL Ethnologue, et études démographiques"
PPL_GBELE,"Gbélé",FLG_MANDE,35000,1,"N/A",35000,2025,"Estimations basées sur recensements ivoiriens, SIL Ethnologue, et études démographiques"
PPL_KPANA,"Kpana",FLG_MANDE,35000,1,"N/A",35000,2025,"Estimations basées sur recensements sierra-léonais, SIL Ethnologue, et études démographiques"
PPL_KPELLE,"Kpelle",FLG_MANDE,1250000,1,"N/A",1250000,2025,"Estimations basées sur recensements libériens et guinéens, CIA World Factbook, et études démographiques"
PPL_LOBI,"Lobi",FLG_MANDE,850000,1,"N/A",850000,2025,"Estimations basées sur recensements, CIA World Factbook, et études démographiques"
PPL_LOMA,"Loma",FLG_MANDE,155000,1,"N/A",155000,2025,"N/A"
PPL_MALINKE,"Malinké",FLG_MANDE,12000000,1,"N/A",12000000,2025,"Estimations basées sur CIA World Factbook, recensements nationaux, et études démographiques"
PPL_MANDE_DU_SUD,"Mandé du Sud",FLG_MANDE,2700000,1,"N/A",2700000,2025,"N/A"
PPL_MANDE_MACRO,"Peuples Mandé (macro-groupe)",FLG_MANDE,37500000,1,"N/A",37500000,2025,"Estimations basées sur CIA World Factbook, recensements nationaux, et études démographiques"
PPL_MANDINKA, PPL_MALINKE,"Mandingo / Mandinka",FLG_MANDE,105000,1,"N/A",105000,2025,"N/A"
PPL_MANDINKA, PPL_MANDINGUE,"Mandinka",FLG_MANDE,900000,1,"N/A",900000,2025,"N/A"
PPL_MANO,"Mano",FLG_MANDE,365000,1,"N/A",365000,2025,"N/A"
PPL_MARAKA,"Maraka",FLG_MANDE,300000,1,"N/A",300000,2025,"Estimations basées sur recensements maliens et sénégalais, SIL Ethnologue, et études démographiques"
PPL_SERAHULE_SONINKE,"Serahule / Soninke",FLG_MANDE,240000,1,"N/A",240000,2025,"N/A"
PPL_SOUSSOU,"Soussou",FLG_MANDE,3150000,1,"N/A",3150000,2025,"N/A"
PPL_TOMA_LOMA,"Toma / Loma",FLG_MANDE,450000,1,"N/A",450000,2025,"N/A"
PPL_AKAN,"Akan",FLG_NIGERCONGO,22500000,1,"N/A",22500000,2025,"Estimations basées sur recensements, SIL Ethnologue, et études démographiques"
PPL_AKYE,"Akye",FLG_NIGERCONGO,650000,1,"N/A",650000,2025,"Estimations basées sur recensements ivoiriens, SIL Ethnologue, et études démographiques"
PPL_AMBUNDU,"Ambundu",FLG_NIGERCONGO,3500000,1,"N/A",3500000,2025,"Estimations basées sur recensements angolais, SIL Ethnologue, et études démographiques"
PPL_ANNANG,"Annang",FLG_NIGERCONGO,1750000,1,"N/A",1750000,2025,"Estimations basées sur recensements nigérians, SIL Ethnologue, et études démographiques"
PPL_ASANTE,"Asante",FLG_NIGERCONGO,6000000,1,"N/A",6000000,2025,"Estimations basées sur recensements ghanéens, SIL Ethnologue, et études démographiques"
PPL_BAFUTA,"Bafuta",FLG_NIGERCONGO,150000,1,"RDC",150000,2025,"Estimations basées sur recensements congolais, SIL Ethnologue, et études démographiques"
PPL_BAGGAR,"Baggar",FLG_NIGERCONGO,150000,1,"RDC",150000,2025,"Estimations basées sur recensements congolais, SIL Ethnologue, et études démographiques"
PPL_BAINOUK,"Bainouk",FLG_NIGERCONGO,250000,1,"N/A",250000,2025,"Estimations basées sur recensements, SIL Ethnologue, et études démographiques"
PPL_BAKIGA,"Bakiga",FLG_NIGERCONGO,1750000,1,"N/A",1750000,2025,"Estimations basées sur recensements ougandais, SIL Ethnologue, et études démographiques"
PPL_BAKWERI,"Bakweri",FLG_NIGERCONGO,75000,1,"N/A",75000,2025,"Estimations basées sur recensements camerounais, SIL Ethnologue, et études démographiques"
PPL_BALANTA,"Balanta",FLG_NIGERCONGO,650000,1,"N/A",650000,2025,"Estimations basées sur recensements, SIL Ethnologue, et études démographiques"
PPL_BAMBARA,"Bambara",FLG_NIGERCONGO,7000000,1,"N/A",7000000,2025,"Estimations basées sur recensements, SIL Ethnologue, et études démographiques"
PPL_BAMILEKE,"Bamiléké",FLG_NIGERCONGO,3500000,1,"N/A",3500000,2025,"Estimations basées sur recensements camerounais, SIL Ethnologue, et études démographiques"
PPL_BANTU,"Bantou",FLG_NIGERCONGO,375000000,1,"N/A",375000000,2025,"Estimations basées sur recensements, SIL Ethnologue, et études démographiques"
PPL_BANYORO,"Banyoro",FLG_NIGERCONGO,1250000,1,"N/A",1250000,2025,"Estimations basées sur recensements ougandais, SIL Ethnologue, et études démographiques"
PPL_BASOGA,"Basoga",FLG_NIGERCONGO,2500000,1,"N/A",2500000,2025,"Estimations basées sur recensements ougandais, SIL Ethnologue, et études démographiques"
PPL_BASSARI,"Bassari",FLG_NIGERCONGO,30000,1,"N/A",30000,2025,"Estimations basées sur recensements, SIL Ethnologue, et études démographiques"
PPL_BASSA_CAM,"Bassa (Cameroun)",FLG_NIGERCONGO,650000,1,"N/A",650000,2025,"Estimations basées sur recensements camerounais, SIL Ethnologue, et études démographiques"
PPL_BEMBA,"Bemba",FLG_NIGERCONGO,4500000,1,"RDC",4500000,2025,"Estimations basées sur recensements, SIL Ethnologue, et études démographiques"
PPL_BEMBE,"Bembe",FLG_NIGERCONGO,300000,1,"RDC",300000,2025,"Estimations basées sur recensements congolais, SIL Ethnologue, et études démographiques"
PPL_BETE,"Bété",FLG_NIGERCONGO,2750000,1,"N/A",2750000,2025,"Estimations basées sur recensements ivoiriens, SIL Ethnologue, et études démographiques"
PPL_BETI,"Béti",FLG_NIGERCONGO,5500000,1,"N/A",5500000,2025,"Estimations basées sur recensements, SIL Ethnologue, et études démographiques"
PPL_BETI_FANG,"Béti-Fang",FLG_NIGERCONGO,3500000,1,"N/A",3500000,2025,"Estimations basées sur recensements, SIL Ethnologue, et études démographiques"
PPL_BOBO,"Bobo",FLG_NIGERCONGO,725000,1,"N/A",725000,2025,"Estimations basées sur recensements, SIL Ethnologue, et études démographiques"
PPL_BOSO,"Boso",FLG_NIGERCONGO,35000,1,"N/A",35000,2025,"Estimations basées sur recensements ivoiriens, SIL Ethnologue, et études démographiques"
PPL_BRONG,"Brong",FLG_NIGERCONGO,1250000,1,"N/A",1250000,2025,"Estimations basées sur recensements, SIL Ethnologue, et études démographiques"
PPL_BULU,"Bulu",FLG_NIGERCONGO,1250000,1,"N/A",1250000,2025,"Estimations basées sur recensements camerounais, SIL Ethnologue, et études démographiques"
PPL_BUSANSI,"Busansi",FLG_NIGERCONGO,300000,1,"N/A",300000,2025,"Estimations basées sur recensements, SIL Ethnologue, et études démographiques"
PPL_BWABA,"Bwaba",FLG_NIGERCONGO,400000,1,"N/A",400000,2025,"Estimations basées sur recensements, SIL Ethnologue, et études démographiques"
PPL_CHAGA,"Chaga",FLG_NIGERCONGO,2250000,1,"N/A",2250000,2025,"Estimations basées sur recensements tanzaniens, SIL Ethnologue, et études démographiques"
PPL_CHEWA,"Chewa",FLG_NIGERCONGO,10200000,1,"N/A",10200000,2025,"Estimations basées sur recensements, SIL Ethnologue, et études démographiques"
PPL_CHOPE,"Chope",FLG_NIGERCONGO,650000,1,"N/A",650000,2025,"Estimations basées sur recensements mozambicains, SIL Ethnologue, et études démographiques"
PPL_CHOPE_MOZ,"Chope (Mozambique)",FLG_NIGERCONGO,650000,1,"N/A",650000,2025,"Estimations basées sur recensements mozambicains, SIL Ethnologue, et études démographiques"
PPL_COMORIEN,"Comorien",FLG_NIGERCONGO,1225000,1,"N/A",1225000,2025,"Estimations basées sur recensements, SIL Ethnologue, et études démographiques"
PPL_DAFING,"Dafing",FLG_NIGERCONGO,300000,1,"N/A",300000,2025,"Estimations basées sur recensements, SIL Ethnologue, et études démographiques"
PPL_DAGARA,"Dagara",FLG_NIGERCONGO,2800000,1,"N/A",2800000,2025,"Estimations basées sur recensements, SIL Ethnologue, et études démographiques"
PPL_DAGOMBA (à vérifier si fichier existe),"Mole-Dagbani",FLG_NIGERCONGO,6160000,1,"N/A",6160000,2025,"N/A"
PPL_DAGOMBA,"Dagomba / Dagbamba",FLG_NIGERCONGO,3500000,1,"N/A",3500000,2025,"Ethnologue (dag), Dagbon Kingdom Archives"
PPL_DIDA,"Dida",FLG_NIGERCONGO,640000,1,"N/A",640000,2025,"Ethnologue (dic), Études krou ivoiriennes"
PPL_DOGON,"Dogon",FLG_NIGERCONGO,1380000,1,"N/A",1380000,2025,"Anthropologie Dogon, INSTAT MLI, recensements nationaux"
PPL_DUALA,"Duala",FLG_NIGERCONGO,400000,1,"N/A",400000,2025,"peuple_demographie_globale.csv (PPL_DUALA)"
PPL_DYULA,"Dyula",FLG_NIGERCONGO,1900000,1,"N/A",1900000,2025,"Ethnologue (dyu), Manding Historical Archives"
PPL_EBIRA,"Ebira / Egbira",FLG_NIGERCONGO,2400000,1,"N/A",2400000,2025,"Ethnologue (igb), Kogi State Cultural Archives"
PPL_EDO,"Edo / Bini",FLG_NIGERCONGO,3800000,1,"N/A",3800000,2025,"Ethnologue (bin), Edo Royal Archives (Benin Kingdom)"
PPL_EFIK,"Efik",FLG_NIGERCONGO,350000,1,"N/A",350000,2025,"Ethnologue (efi), Calabar Historical Records"
PPL_EMBU,"Embu",FLG_NIGERCONGO,600000,1,"N/A",600000,2025,"Ethnologue (ebu), KEN National Bureau of Statistics"
PPL_EWE,"Ewe",FLG_NIGERCONGO,10300000,1,"N/A",10300000,2025,"Ethnologue (ewe), GHA & Togo Gbe Studies"
PPL_EWONDO,"Ewondo",FLG_NIGERCONGO,1400000,1,"N/A",1400000,2025,"peuple_demographie_globale.csv (PPL_EWONDO)"
PPL_FANG,"Fang",FLG_NIGERCONGO,2320950,1,"N/A",2320950,2025,"peuple_demographie_globale.csv (PPL_FANG)"
PPL_FANG_EQGUINEE,"Fang (Guinée équatoriale)",FLG_NIGERCONGO,800000,1,"N/A",800000,2025,"peuple_demographie_globale.csv (PPL_FANG_EQGUINEE)"
PPL_FANG_GABON,"Fang (Gabon)",FLG_NIGERCONGO,1200000,1,"N/A",1200000,2025,"peuple_demographie_globale.csv (PPL_FANG_GABON)"
PPL_FANTE,"Fante",FLG_NIGERCONGO,3500000,1,"N/A",3500000,2025,"Ethnologue (fat), CIA World Factbook – Ghana"
PPL_FRAFRA,"Frafra",FLG_NIGERCONGO,1250000,1,"N/A",1250000,2025,"Estimations basées sur recensements, SIL Ethnologue, et études démographiques"
PPL_FULA,"Fula (Fulɓe / Peul)",FLG_NIGERCONGO,39000000,1,"N/A",39000000,2025,"Estimations basées sur CIA World Factbook, UNFPA, recensements nationaux, et études démographiques régionales"
PPL_FULA_FORET,"Fula (Forêt)",FLG_NIGERCONGO,2500000,1,"N/A",2500000,2025,"Estimations basées sur CIA World Factbook, UNFPA, recensements nationaux"
PPL_FULA_NOMADES,"Fula (Nomades)",FLG_NIGERCONGO,4000000,1,"RCA",4000000,2025,"Estimations basées sur CIA World Factbook, UNFPA, recensements nationaux, et études démographiques régionales"
PPL_FULA_SAHEL,"Fula (Sahel)",FLG_NIGERCONGO,17500000,1,"N/A",17500000,2025,"Estimations basées sur CIA World Factbook, UNFPA, recensements nationaux, et études démographiques régionales"
PPL_GANDA,"Ganda",FLG_NIGERCONGO,8499000,1,"N/A",8499000,2025,"peuple_demographie_globale.csv (PPL_GANDA) + statistiques nationales ougandaises"
PPL_GANGUELA,"Ganguela",FLG_NIGERCONGO,900000,1,"N/A",900000,2025,"N/A"
PPL_GA_DANGME,"Ga-Dangme",FLG_NIGERCONGO,2740000,1,"N/A",2740000,2025,"Estimations basées sur recensements ghanéens, CIA World Factbook, et études démographiques"
PPL_GBAGYI,"Gbagyi / Gwari",FLG_NIGERCONGO,3500000,1,"N/A",3500000,2025,"Estimations basées sur recensements nigérians, SIL Ethnologue, et études démographiques"
PPL_GOGO,"Gogo",FLG_NIGERCONGO,2000000,1,"N/A",2000000,2025,"peuple_demographie_globale.csv (PPL_GOGO)"
PPL_GOLA,"Gola",FLG_NIGERCONGO,345000,1,"N/A",345000,2025,"Estimations basées sur recensements, SIL Ethnologue, et études démographiques"
PPL_GUAN (à vérifier si fichier existe),"Guan",FLG_NIGERCONGO,1630000,1,"N/A",1630000,2025,"N/A"
PPL_GURMA,"Gurma",FLG_NIGERCONGO,1750000,1,"N/A",1750000,2025,"Estimations basées sur recensements, SIL Ethnologue, et études démographiques"
PPL_HALPULAAR,"Halpulaar",FLG_NIGERCONGO,570000,1,"N/A",570000,2025,"N/A"
PPL_HAYA,"Haya",FLG_NIGERCONGO,1750000,1,"N/A",1750000,2025,"Estimations basées sur recensements tanzaniens, SIL Ethnologue, et études démographiques"
PPL_HEHE,"Hehe",FLG_NIGERCONGO,1000000,1,"N/A",1000000,2025,"Estimations basées sur recensements tanzaniens, SIL Ethnologue, et études démographiques"
PPL_HERERO,"Herero",FLG_NIGERCONGO,250000,1,"N/A",250000,2025,"Estimations basées sur recensements, SIL Ethnologue, et études démographiques"
PPL_HIMBA,"Himba",FLG_NIGERCONGO,75000,1,"N/A",75000,2025,"Estimations basées sur recensements, SIL Ethnologue, et études démographiques"
PPL_IBIBIO,"Ibibio",FLG_NIGERCONGO,5000000,1,"N/A",5000000,2025,"Estimations basées sur recensements nigérians, CIA World Factbook, et études démographiques"
PPL_IDOMA,"Idoma",FLG_NIGERCONGO,1750000,1,"N/A",1750000,2025,"Estimations basées sur recensements nigérians, CIA World Factbook, et études démographiques"
PPL_IGBO,"Igbo",FLG_NIGERCONGO,39365000,1,"N/A",39365000,2025,"peuple_demographie_globale.csv (PPL_IGBO)"
PPL_IJAW,"Ijaw",FLG_NIGERCONGO,14500000,1,"N/A",14500000,2025,"Estimations basées sur recensements nigérians, CIA World Factbook, et études démographiques"
PPL_ISOKO,"Isoko",FLG_NIGERCONGO,650000,1,"N/A",650000,2025,"Estimations basées sur recensements nigérians, SIL Ethnologue, et études démographiques"
PPL_ITSEKIRI,"Itsekiri",FLG_NIGERCONGO,1250000,1,"N/A",1250000,2025,"Estimations basées sur recensements nigérians, SIL Ethnologue, et études démographiques"
PPL_JAHANKA,"Jahanka",FLG_NIGERCONGO,75000,1,"N/A",75000,2025,"Estimations basées sur recensements, SIL Ethnologue, et études démographiques"
PPL_JOLA,"Jola",FLG_NIGERCONGO,700000,1,"N/A",700000,2025,"Estimations basées sur recensements, SIL Ethnologue, et études démographiques"
PPL_KABYE,"Kabye",FLG_NIGERCONGO,1200000,1,"N/A",1200000,2025,"N/A"
PPL_KAMBA,"Kamba",FLG_NIGERCONGO,4500000,1,"N/A",4500000,2025,"Estimations basées sur recensements kenyans, SIL Ethnologue, et études démographiques"
PPL_KARANGA,"Karanga",FLG_NIGERCONGO,2500000,1,"N/A",2500000,2025,"Estimations basées sur recensements zimbabwéens, SIL Ethnologue, et études démographiques"
PPL_KARANGA_ZIM,"Karanga (Zimbabwe)",FLG_NIGERCONGO,2500000,1,"N/A",2500000,2025,"Estimations basées sur recensements zimbabwéens, SIL Ethnologue, et études démographiques"
PPL_KASEM,"Kasem",FLG_NIGERCONGO,250000,1,"N/A",250000,2025,"Estimations basées sur recensements, SIL Ethnologue, et études démographiques"
PPL_KAVANGO,"Kavango",FLG_NIGERCONGO,250000,1,"N/A",250000,2025,"Estimations basées sur recensements, SIL Ethnologue, et études démographiques"
PPL_KIKUYU,"Kikuyu",FLG_NIGERCONGO,8500000,1,"N/A",8500000,2025,"Estimations basées sur recensements kenyans, SIL Ethnologue, et études démographiques"
PPL_KINYARWANDA,"Kinyarwanda (locuteurs)",FLG_NIGERCONGO,13500000,1,"RDC",13500000,2025,"Estimations basées sur recensements, SIL Ethnologue, et études démographiques"
PPL_KIRUNDI_HUTU,"Kirundi (Hutu)",FLG_NIGERCONGO,11000000,1,"N/A",11000000,2025,"Estimations basées sur recensements, SIL Ethnologue, et études démographiques"
PPL_KIRUNDI_TUTSI,"Kirundi (Tutsi)",FLG_NIGERCONGO,2500000,1,"N/A",2500000,2025,"Estimations basées sur recensements, SIL Ethnologue, et études démographiques"
PPL_KONGO,"Kongo",FLG_NIGERCONGO,11000000,1,"RDC",11000000,2025,"Estimations basées sur recensements, SIL Ethnologue, et études démographiques"
PPL_KONGO_BRAZZA,"Kongo (Brazzaville)",FLG_NIGERCONGO,1750000,1,"N/A",1750000,2025,"Estimations basées sur recensements, SIL Ethnologue, et études démographiques"
PPL_KONGO_CABINDA,"Kongo (Cabinda)",FLG_NIGERCONGO,650000,1,"N/A",650000,2025,"Estimations basées sur recensements, SIL Ethnologue, et études démographiques"
PPL_KONGO_MAYOMBE,"Kongo (Mayombe)",FLG_NIGERCONGO,1000000,1,"N/A",1000000,2025,"Estimations basées sur recensements, SIL Ethnologue, et études démographiques"
PPL_KONGO_SUD,"Kongo (Sud)",FLG_NIGERCONGO,5500000,1,"RDC",5500000,2025,"Estimations basées sur recensements, SIL Ethnologue, et études démographiques"
PPL_KONKOMBA,"Konkomba",FLG_NIGERCONGO,700000,1,"N/A",700000,2025,"Estimations basées sur recensements, SIL Ethnologue, et études démographiques"
PPL_KONO,"Kono",FLG_NIGERCONGO,250000,1,"N/A",250000,2025,"Estimations basées sur recensements, SIL Ethnologue, et études démographiques"
PPL_KOREKORE,"Korekore",FLG_NIGERCONGO,1750000,1,"N/A",1750000,2025,"Estimations basées sur recensements zimbabwéens, SIL Ethnologue, et études démographiques"
PPL_KOREKORE_ZIM,"Korekore (Zimbabwe)",FLG_NIGERCONGO,1750000,1,"N/A",1750000,2025,"Estimations basées sur recensements zimbabwéens, SIL Ethnologue, et études démographiques"
PPL_KOTA,"Kota",FLG_NIGERCONGO,250000,1,"N/A",250000,2025,"Estimations basées sur recensements, SIL Ethnologue, et études démographiques"
PPL_KOUYOU,"Kouyou",FLG_NIGERCONGO,150000,1,"N/A",150000,2025,"Estimations basées sur recensements, SIL Ethnologue, et études démographiques"
PPL_KPANA,"Kpana",FLG_NIGERCONGO,150000,1,"N/A",150000,2025,"Estimations basées sur recensements, SIL Ethnologue, et études démographiques"
PPL_KPELLE,"Kpelle",FLG_NIGERCONGO,1750000,1,"N/A",1750000,2025,"Estimations basées sur recensements, SIL Ethnologue, et études démographiques"
PPL_KRAHN,"Krahn",FLG_NIGERCONGO,400000,1,"N/A",400000,2025,"Estimations basées sur recensements, SIL Ethnologue, et études démographiques"
PPL_KROUMEN,"Kroumen",FLG_NIGERCONGO,150000,1,"N/A",150000,2025,"Estimations basées sur recensements, SIL Ethnologue, et études démographiques"
PPL_KRU,"Kru",FLG_NIGERCONGO,300000,1,"N/A",300000,2025,"Estimations basées sur recensements, SIL Ethnologue, et études démographiques"
PPL_KUBA,"Kuba",FLG_NIGERCONGO,250000,1,"RDC",250000,2025,"Estimations basées sur recensements, SIL Ethnologue, et études démographiques"
PPL_KWANYAMA,"Kwanyama",FLG_NIGERCONGO,500000,1,"N/A",500000,2025,"Estimations basées sur recensements, SIL Ethnologue, et études démographiques"
PPL_LEBOU,"Lébou",FLG_NIGERCONGO,150000,1,"N/A",150000,2025,"Estimations basées sur recensements, SIL Ethnologue, et études démographiques"
PPL_LENGO,"Lengo",FLG_NIGERCONGO,75000,1,"RDC",75000,2025,"Estimations basées sur recensements, SIL Ethnologue, et études démographiques"
PPL_LINGALA,"Lingala (locuteurs)",FLG_NIGERCONGO,17500000,2,"RDC, RCA",17500000,2025,"Estimations basées sur recensements, SIL Ethnologue, et études démographiques"
PPL_LOBI,"Lobi",FLG_NIGERCONGO,700000,1,"N/A",700000,2025,"Estimations basées sur recensements, SIL Ethnologue, et études démographiques"
PPL_LOMWE,"Lomwe",FLG_NIGERCONGO,1750000,1,"N/A",1750000,2025,"Estimations basées sur recensements, SIL Ethnologue, et études démographiques"
PPL_LOMWE_MALA,"Lomwe (Malawi)",FLG_NIGERCONGO,600000,1,"N/A",600000,2025,"Estimations basées sur recensements, SIL Ethnologue, et études démographiques"
PPL_LOMWE_MOZ,"Lomwe (Mozambique)",FLG_NIGERCONGO,1150000,1,"N/A",1150000,2025,"Estimations basées sur recensements, SIL Ethnologue, et études démographiques"
PPL_LOZI,"Lozi",FLG_NIGERCONGO,700000,1,"N/A",700000,2025,"Estimations basées sur recensements, SIL Ethnologue, et études démographiques"
PPL_LUBA,"Luba",FLG_NIGERCONGO,8000000,1,"RDC",8000000,2025,"Estimations basées sur recensements, SIL Ethnologue, et études démographiques"
PPL_LUBA_KASAI,"Luba (Kasaï)",FLG_NIGERCONGO,4500000,1,"RDC",4500000,2025,"Estimations basées sur recensements, SIL Ethnologue, et études démographiques"
PPL_LUBA_KASAI2,"Luba (Kasaï 2)",FLG_NIGERCONGO,4500000,1,"RDC",4500000,2025,"Estimations basées sur recensements, SIL Ethnologue, et études démographiques"
PPL_LUBA_KATANGA,"Luba (Katanga)",FLG_NIGERCONGO,3500000,1,"RDC",3500000,2025,"Estimations basées sur recensements, SIL Ethnologue, et études démographiques"
PPL_LUGANDA_ETHNO,"Luganda (Ethnique)",FLG_NIGERCONGO,6000000,1,"N/A",6000000,2025,"Estimations basées sur recensements, SIL Ethnologue, et études démographiques"
PPL_LUNDA,"Lunda",FLG_NIGERCONGO,650000,1,"RDC",650000,2025,"Estimations basées sur recensements, SIL Ethnologue, et études démographiques"
PPL_LUNDA_NORTE,"Lunda (Norte)",FLG_NIGERCONGO,250000,1,"N/A",250000,2025,"Estimations basées sur recensements, SIL Ethnologue, et études démographiques"
PPL_MAKONDE,"Makonde",FLG_NIGERCONGO,1750000,1,"N/A",1750000,2025,"Estimations basées sur recensements, SIL Ethnologue, et études démographiques"
PPL_MAKONDE_MOZ,"Makonde (Mozambique)",FLG_NIGERCONGO,1150000,1,"N/A",1150000,2025,"Estimations basées sur recensements, SIL Ethnologue, et études démographiques"
PPL_MAKONDE_TANZ,"Makonde (Tanzanie)",FLG_NIGERCONGO,600000,1,"N/A",600000,2025,"Estimations basées sur recensements, SIL Ethnologue, et études démographiques"
PPL_MAKUA,"Makua",FLG_NIGERCONGO,9000000,1,"N/A",9000000,2025,"Estimations basées sur recensements, SIL Ethnologue, et études démographiques"
PPL_MALINKE,"Malinké",FLG_NIGERCONGO,5000000,1,"N/A",5000000,2025,"Estimations basées sur recensements, SIL Ethnologue, et études démographiques"
PPL_MAMPRUSI,"Mamprusi",FLG_NIGERCONGO,400000,1,"N/A",400000,2025,"Estimations basées sur recensements, SIL Ethnologue, et études démographiques"
PPL_MANDINGUE,"Mandingue",FLG_NIGERCONGO,12500000,1,"N/A",12500000,2025,"Estimations basées sur recensements, SIL Ethnologue, et études démographiques"
PPL_MANIANGA,"Manianga",FLG_NIGERCONGO,75000,1,"RDC",75000,2025,"Estimations basées sur recensements, SIL Ethnologue, et études démographiques"
PPL_MANJAK,"Manjak",FLG_NIGERCONGO,250000,1,"N/A",250000,2025,"Estimations basées sur recensements, SIL Ethnologue, et études démographiques"
PPL_MANYIKA,"Manyika",FLG_NIGERCONGO,1250000,1,"N/A",1250000,2025,"Estimations basées sur recensements, SIL Ethnologue, et études démographiques"
PPL_MANYIKA_ZIM,"Manyika (Zimbabwe)",FLG_NIGERCONGO,1000000,1,"N/A",1000000,2025,"Estimations basées sur recensements, SIL Ethnologue, et études démographiques"
PPL_MARAKA,"Maraka",FLG_NIGERCONGO,250000,1,"N/A",250000,2025,"Estimations basées sur recensements, SIL Ethnologue, et études démographiques"
PPL_MBOCHI,"Mbochi",FLG_NIGERCONGO,250000,1,"N/A",250000,2025,"Estimations basées sur recensements, SIL Ethnologue, et études démographiques"
PPL_MENDE,"Mende",FLG_NIGERCONGO,2500000,1,"N/A",2500000,2025,"Estimations basées sur recensements, SIL Ethnologue, et études démographiques"
PPL_MERU,"Meru",FLG_NIGERCONGO,1750000,1,"N/A",1750000,2025,"Estimations basées sur recensements, SIL Ethnologue, et études démographiques"
PPL_MINA,"Mina",FLG_NIGERCONGO,800000,1,"N/A",800000,2025,"N/A"
PPL_MONGO,"Mongo",FLG_NIGERCONGO,1250000,1,"RDC",1250000,2025,"Estimations basées sur recensements, SIL Ethnologue, et études démographiques"
PPL_MOSSI,"Mossi",FLG_NIGERCONGO,8500000,1,"N/A",8500000,2025,"Estimations basées sur recensements, SIL Ethnologue, et études démographiques"
PPL_MYENE,"Myene",FLG_NIGERCONGO,150000,1,"N/A",150000,2025,"Estimations basées sur recensements, SIL Ethnologue, et études démographiques"
PPL_NANKANA,"Nankana",FLG_NIGERCONGO,250000,1,"N/A",250000,2025,"Estimations basées sur recensements, SIL Ethnologue, et études démographiques"
PPL_NDAU,"Ndau",FLG_NIGERCONGO,1750000,1,"N/A",1750000,2025,"Estimations basées sur recensements, SIL Ethnologue, et études démographiques"
PPL_NDAU_MOZ,"Ndau (Mozambique)",FLG_NIGERCONGO,1150000,1,"N/A",1150000,2025,"Estimations basées sur recensements, SIL Ethnologue, et études démographiques"
PPL_NDAU_ZIM,"Ndau (Zimbabwe)",FLG_NIGERCONGO,600000,1,"N/A",600000,2025,"Estimations basées sur recensements, SIL Ethnologue, et études démographiques"
PPL_NDEBELE,"Ndebele",FLG_NIGERCONGO,2500000,1,"N/A",2500000,2025,"Estimations basées sur recensements, SIL Ethnologue, et études démographiques"
PPL_NDEBELE_MACRO,"Ndebele (Macro)",FLG_NIGERCONGO,2500000,1,"N/A",2500000,2025,"Estimations basées sur recensements, SIL Ethnologue, et études démographiques"
PPL_NDEBELE_MZ,"Ndebele (Mozambique)",FLG_NIGERCONGO,150000,1,"N/A",150000,2025,"Estimations basées sur recensements, SIL Ethnologue, et études démographiques"
PPL_NDEBELE_NORD,"Ndebele (Nord)",FLG_NIGERCONGO,1250000,1,"N/A",1250000,2025,"Estimations basées sur recensements, SIL Ethnologue, et études démographiques"
PPL_NDEBELE_SUD,"Ndebele (Sud)",FLG_NIGERCONGO,750000,1,"N/A",750000,2025,"Estimations basées sur recensements, SIL Ethnologue, et études démographiques"
PPL_NDEBELE_SUD2,"Ndebele (Sud 2)",FLG_NIGERCONGO,750000,1,"N/A",750000,2025,"Estimations basées sur recensements, SIL Ethnologue, et études démographiques"
PPL_NDEBELE_ZIM,"Ndebele (Zimbabwe)",FLG_NIGERCONGO,1750000,1,"N/A",1750000,2025,"Estimations basées sur recensements, SIL Ethnologue, et études démographiques"
PPL_NGALA,"Ngala",FLG_NIGERCONGO,250000,1,"RDC",250000,2025,"Estimations basées sur recensements, SIL Ethnologue, et études démographiques"
PPL_NGONI,"Ngoni",FLG_NIGERCONGO,1250000,1,"N/A",1250000,2025,"Estimations basées sur recensements, SIL Ethnologue, et études démographiques"
PPL_NGUNI,"Nguni",FLG_NIGERCONGO,22500000,1,"N/A",22500000,2025,"Estimations basées sur recensements, SIL Ethnologue, et études démographiques"
PPL_NUPE,"Nupe",FLG_NIGERCONGO,2500000,1,"N/A",2500000,2025,"Estimations basées sur recensements, SIL Ethnologue, et études démographiques"
PPL_NYABWA,"Nyabwa",FLG_NIGERCONGO,250000,1,"N/A",250000,2025,"Estimations basées sur recensements, SIL Ethnologue, et études démographiques"
PPL_NYAMWEZI,"Nyamwezi",FLG_NIGERCONGO,1750000,1,"N/A",1750000,2025,"Estimations basées sur recensements, SIL Ethnologue, et études démographiques"
PPL_NYANEKA_NKHUMBI,"Nyaneka-Nkhumbi",FLG_NIGERCONGO,1500000,1,"N/A",1500000,2025,"N/A"
PPL_NYANJA,"Nyanja",FLG_NIGERCONGO,13500000,1,"N/A",13500000,2025,"Estimations basées sur recensements, SIL Ethnologue, et études démographiques"
PPL_NYASA,"Nyasa",FLG_NIGERCONGO,1250000,1,"N/A",1250000,2025,"Estimations basées sur recensements, SIL Ethnologue, et études démographiques"
PPL_NZEBI,"Nzebi",FLG_NIGERCONGO,250000,1,"N/A",250000,2025,"Estimations basées sur recensements, SIL Ethnologue, et études démographiques"
PPL_OVAMBO,"Ovambo",FLG_NIGERCONGO,1750000,1,"N/A",1750000,2025,"Estimations basées sur recensements, SIL Ethnologue, et études démographiques"
PPL_OVIMBUNDU,"Ovimbundu",FLG_NIGERCONGO,4500000,1,"N/A",4500000,2025,"Estimations basées sur recensements, SIL Ethnologue, et études démographiques"
PPL_PAPEL,"Papel",FLG_NIGERCONGO,150000,1,"N/A",150000,2025,"Estimations basées sur recensements, SIL Ethnologue, et études démographiques"
PPL_PEDI,"Pedi",FLG_NIGERCONGO,4500000,1,"N/A",4500000,2025,"Estimations basées sur recensements, SIL Ethnologue, et études démographiques"
PPL_PUNU,"Punu",FLG_NIGERCONGO,250000,1,"N/A",250000,2025,"Estimations basées sur recensements, SIL Ethnologue, et études démographiques"
PPL_RONGA,"Ronga",FLG_NIGERCONGO,1250000,1,"N/A",1250000,2025,"Estimations basées sur recensements, SIL Ethnologue, et études démographiques"
PPL_RONGA_MOZ,"Ronga (Mozambique)",FLG_NIGERCONGO,1000000,1,"N/A",1000000,2025,"Estimations basées sur recensements, SIL Ethnologue, et études démographiques"
PPL_RUNDI,"Rundi (locuteurs)",FLG_NIGERCONGO,13500000,1,"RDC",13500000,2025,"Estimations basées sur recensements, SIL Ethnologue, et études démographiques"
PPL_RWANDAIS_HUTU,"Rwandais (Hutu)",FLG_NIGERCONGO,11000000,1,"RDC",11000000,2025,"Estimations basées sur recensements, SIL Ethnologue, et études démographiques"
PPL_RWANDAIS_TUTSI,"Rwandais (Tutsi)",FLG_NIGERCONGO,2500000,1,"RDC",2500000,2025,"Estimations basées sur recensements, SIL Ethnologue, et études démographiques"
PPL_SANGO,"Sango (locuteurs)",FLG_NIGERCONGO,6000000,2,"RCA, RDC",6000000,2025,"Estimations basées sur recensements, SIL Ethnologue, et études démographiques"
PPL_SENA,"Sena",FLG_NIGERCONGO,2500000,1,"N/A",2500000,2025,"Estimations basées sur recensements, SIL Ethnologue, et études démographiques"
PPL_SENA_MOZ,"Sena (Mozambique)",FLG_NIGERCONGO,1850000,1,"N/A",1850000,2025,"Estimations basées sur recensements, SIL Ethnologue, et études démographiques"
PPL_SENA_ZAMB,"Sena (Zambie)",FLG_NIGERCONGO,250000,1,"N/A",250000,2025,"Estimations basées sur recensements, SIL Ethnologue, et études démographiques"
PPL_SENUFO,"Sénufo",FLG_NIGERCONGO,2450000,1,"N/A",2450000,2025,"Estimations basées sur recensements, SIL Ethnologue, et études démographiques"
PPL_SERER,"Sérère",FLG_NIGERCONGO,1750000,1,"N/A",1750000,2025,"Estimations basées sur recensements, SIL Ethnologue, et études démographiques"
PPL_SESOTHO_NATL,"Sesotho (National)",FLG_NIGERCONGO,6500000,1,"N/A",6500000,2025,"Estimations basées sur recensements, SIL Ethnologue, et études démographiques"
PPL_SETSWANA_NATL,"Setswana (National)",FLG_NIGERCONGO,5500000,1,"N/A",5500000,2025,"Estimations basées sur recensements, SIL Ethnologue, et études démographiques"
PPL_SHONA,"Shona",FLG_NIGERCONGO,13500000,1,"N/A",13500000,2025,"Estimations basées sur recensements, SIL Ethnologue, et études démographiques"
PPL_SOLONGO,"Solongo",FLG_NIGERCONGO,250000,1,"RDC",250000,2025,"Estimations basées sur recensements, SIL Ethnologue, et études démographiques"
PPL_SONINKE,"Soninké",FLG_NIGERCONGO,2500000,1,"N/A",2500000,2025,"Estimations basées sur recensements, SIL Ethnologue, et études démographiques"
PPL_SOTHO,"Sotho",FLG_NIGERCONGO,6500000,1,"N/A",6500000,2025,"Estimations basées sur recensements, SIL Ethnologue, et études démographiques"
PPL_SOTHO_NORD,"Sotho (Nord)",FLG_NIGERCONGO,2250000,1,"N/A",2250000,2025,"Estimations basées sur recensements, SIL Ethnologue, et études démographiques"
PPL_SOTHO_SUD,"Sotho (Sud)",FLG_NIGERCONGO,4250000,1,"N/A",4250000,2025,"Estimations basées sur recensements, SIL Ethnologue, et études démographiques"
PPL_SOTHO_TSWANA,"Sotho-Tswana",FLG_NIGERCONGO,12000000,1,"N/A",12000000,2025,"Estimations basées sur recensements, SIL Ethnologue, et études démographiques"
PPL_SUKUMA,"Sukuma",FLG_NIGERCONGO,5500000,1,"N/A",5500000,2025,"Estimations basées sur recensements, SIL Ethnologue, et études démographiques"
PPL_SUSU,"Susu",FLG_NIGERCONGO,1750000,1,"N/A",1750000,2025,"Estimations basées sur recensements, SIL Ethnologue, et études démographiques"
PPL_SWAHILI_KENYA,"Swahili (Kenya)",FLG_NIGERCONGO,650000,1,"N/A",650000,2025,"Estimations basées sur recensements, SIL Ethnologue, et études démographiques"
PPL_SWAHILI_MOZAMBIQUE,"Swahili (Mozambique)",FLG_NIGERCONGO,400000,1,"N/A",400000,2025,"Estimations basées sur recensements, SIL Ethnologue, et études démographiques"
PPL_SWAHILI_OMAN,"Swahili (Oman)",FLG_NIGERCONGO,75000,1,"N/A",75000,2025,"Estimations basées sur recensements, SIL Ethnologue, et études démographiques"
PPL_SWAHILI_SOMALIE,"Swahili (Somalie)",FLG_NIGERCONGO,150000,1,"N/A",150000,2025,"Estimations basées sur recensements, SIL Ethnologue, et études démographiques"
PPL_SWAHILI_TANZANIE,"Swahili (Tanzanie)",FLG_NIGERCONGO,1250000,1,"N/A",1250000,2025,"Estimations basées sur recensements, SIL Ethnologue, et études démographiques"
PPL_SWAHILI_YEMEN,"Swahili (Yémen)",FLG_NIGERCONGO,45000,1,"N/A",45000,2025,"Estimations basées sur recensements, SIL Ethnologue, et études démographiques"
PPL_SWAZI,"Swazi",FLG_NIGERCONGO,2250000,1,"N/A",2250000,2025,"Estimations basées sur recensements, SIL Ethnologue, et études démographiques"
PPL_SWahili,"Swahili",FLG_NIGERCONGO,2450000,1,"N/A",2450000,2025,"Estimations basées sur recensements, SIL Ethnologue, et études démographiques"
PPL_TABWA,"Tabwa",FLG_NIGERCONGO,400000,1,"RDC",400000,2025,"Estimations basées sur recensements, SIL Ethnologue, et études démographiques"
PPL_TEKE_NORD,"Teke (Nord)",FLG_NIGERCONGO,500000,1,"RDC",500000,2025,"Estimations basées sur recensements, SIL Ethnologue, et études démographiques"
PPL_TEKKE,"Tekke",FLG_NIGERCONGO,1000000,1,"RDC",1000000,2025,"Estimations basées sur recensements, SIL Ethnologue, et études démographiques"
PPL_TEMBO,"Tembo",FLG_NIGERCONGO,250000,1,"RDC",250000,2025,"Estimations basées sur recensements, SIL Ethnologue, et études démographiques"
PPL_TEMNE,"Temne",FLG_NIGERCONGO,2250000,1,"N/A",2250000,2025,"Estimations basées sur recensements, SIL Ethnologue, et études démographiques"
PPL_TETELA,"Tetela",FLG_NIGERCONGO,7140000,1,"N/A",7140000,2025,"N/A"
PPL_TIV,"Tiv",FLG_NIGERCONGO,4500000,1,"N/A",4500000,2025,"Estimations basées sur recensements, SIL Ethnologue, et études démographiques"
PPL_TONGA_LAC,"Tonga (Lac)",FLG_NIGERCONGO,650000,1,"N/A",650000,2025,"Estimations basées sur recensements, SIL Ethnologue, et études démographiques"
PPL_TONGA_MALA,"Tonga (Malawi)",FLG_NIGERCONGO,400000,1,"N/A",400000,2025,"Estimations basées sur recensements, SIL Ethnologue, et études démographiques"
PPL_TONGA_ZAMB,"Tonga (Zambie)",FLG_NIGERCONGO,1250000,1,"N/A",1250000,2025,"Estimations basées sur recensements, SIL Ethnologue, et études démographiques"
PPL_TONGA_ZIM,"Tonga (Zimbabwe)",FLG_NIGERCONGO,650000,1,"N/A",650000,2025,"Estimations basées sur recensements, SIL Ethnologue, et études démographiques"
PPL_TSAO,"Tsao",FLG_NIGERCONGO,250000,1,"RDC",250000,2025,"Estimations basées sur recensements, SIL Ethnologue, et études démographiques"
PPL_TSHOKWE,"Tshokwe",FLG_NIGERCONGO,1750000,1,"RDC",1750000,2025,"Estimations basées sur recensements, SIL Ethnologue, et études démographiques"
PPL_TSONGA,"Tsonga",FLG_NIGERCONGO,5500000,1,"N/A",5500000,2025,"Estimations basées sur recensements, SIL Ethnologue, et études démographiques"
PPL_TSWA,"Tswa",FLG_NIGERCONGO,1250000,1,"N/A",1250000,2025,"Estimations basées sur recensements, SIL Ethnologue, et études démographiques"
PPL_TSWANA,"Tswana",FLG_NIGERCONGO,5500000,1,"N/A",5500000,2025,"Estimations basées sur recensements, SIL Ethnologue, et études démographiques"
PPL_TSWA_CALANGA,"Tswa (Calanga)",FLG_NIGERCONGO,250000,1,"N/A",250000,2025,"Estimations basées sur recensements, SIL Ethnologue, et études démographiques"
PPL_TSWA_MOZ,"Tswa (Mozambique)",FLG_NIGERCONGO,1000000,1,"N/A",1000000,2025,"Estimations basées sur recensements, SIL Ethnologue, et études démographiques"
PPL_TUMBUKA,"Tumbuka",FLG_NIGERCONGO,2500000,1,"N/A",2500000,2025,"Estimations basées sur recensements, SIL Ethnologue, et études démographiques"
PPL_URHOBO,"Urhobo",FLG_NIGERCONGO,2500000,1,"N/A",2500000,2025,"Estimations basées sur recensements, SIL Ethnologue, et études démographiques"
PPL_VAI,"Vai",FLG_NIGERCONGO,175000,1,"N/A",175000,2025,"Estimations basées sur recensements, SIL Ethnologue, et études démographiques"
PPL_VENDA,"Venda",FLG_NIGERCONGO,1250000,1,"N/A",1250000,2025,"Estimations basées sur recensements, SIL Ethnologue, et études démographiques"
PPL_VILI,"Vili",FLG_NIGERCONGO,400000,1,"RDC",400000,2025,"Estimations basées sur recensements, SIL Ethnologue, et études démographiques"
PPL_WANDYA,"Wandya",FLG_NIGERCONGO,250000,1,"RDC",250000,2025,"Estimations basées sur recensements, SIL Ethnologue, et études démographiques"
PPL_WE,"We",FLG_NIGERCONGO,400000,1,"N/A",400000,2025,"Estimations basées sur recensements, SIL Ethnologue, et études démographiques"
PPL_WOLOF,"Wolof",FLG_NIGERCONGO,6500000,1,"N/A",6500000,2025,"Estimations basées sur recensements, SIL Ethnologue, et études démographiques"
PPL_XHOSA,"Xhosa",FLG_NIGERCONGO,8500000,1,"N/A",8500000,2025,"Estimations basées sur recensements, SIL Ethnologue, et études démographiques"
PPL_XHOSA_CISKEI,"Xhosa (Ciskei)",FLG_NIGERCONGO,1250000,1,"N/A",1250000,2025,"Estimations basées sur recensements, SIL Ethnologue, et études démographiques"
PPL_YAKA,"Yaka",FLG_NIGERCONGO,1250000,1,"RDC",1250000,2025,"Estimations basées sur recensements, SIL Ethnologue, et études démographiques"
PPL_YAO,"Yao",FLG_NIGERCONGO,3000000,1,"N/A",3000000,2025,"Estimations basées sur recensements, SIL Ethnologue, et études démographiques"
PPL_YAO_MALAWI,"Yao (Malawi)",FLG_NIGERCONGO,1750000,1,"N/A",1750000,2025,"Estimations basées sur recensements, SIL Ethnologue, et études démographiques"
PPL_YAO_MOZ,"Yao (Mozambique)",FLG_NIGERCONGO,650000,1,"N/A",650000,2025,"Estimations basées sur recensements, SIL Ethnologue, et études démographiques"
PPL_YOMBE,"Yombe",FLG_NIGERCONGO,1250000,1,"RDC",1250000,2025,"Estimations basées sur recensements, SIL Ethnologue, et études démographiques"
PPL_ZULU,"Zulu",FLG_NIGERCONGO,13000000,1,"N/A",13000000,2025,"Estimations basées sur recensements, SIL Ethnologue, et études démographiques"
PPL_ZULU_KWA_ZULU,"Zulu (KwaZulu)",FLG_NIGERCONGO,9000000,1,"N/A",9000000,2025,"Estimations basées sur recensements, SIL Ethnologue, et études démographiques"
PPL_NUBIENS,"Nubiens",FLG_NILOSAHARIEN,2500000,1,"N/A",2500000,2025,"N/A"
PPL_SONGHAI (à vérifier si fichier existe),"Songhai",FLG_NILOSAHARIENNE,1320000,1,"N/A",1320000,2025,"N/A"
PPL_ACHOLI,"Acholi",FLG_NILOTIQUE,1750000,1,"N/A",1750000,2025,"Estimations basées sur recensements, SIL Ethnologue, et études démographiques"
PPL_ALUR,"Alur",FLG_NILOTIQUE,1000000,1,"RDC",1000000,2025,"Estimations basées sur recensements, SIL Ethnologue, et études démographiques"
PPL_ANUAK,"Anuak",FLG_NILOTIQUE,300000,1,"N/A",300000,2025,"Estimations basées sur recensements, SIL Ethnologue, et études démographiques"
PPL_DATOGA,"Datoga",FLG_NILOTIQUE,300000,1,"N/A",300000,2025,"Estimations basées sur recensements tanzaniens, SIL Ethnologue, et études démographiques"
PPL_DINKA,"Dinka",FLG_NILOTIQUE,4750000,1,"N/A",4750000,2025,"Estimations basées sur CIA World Factbook, UNFPA, recensements soudanais, et études démographiques régionales"
PPL_EL_MOLO,"El Molo",FLG_NILOTIQUE,3000,1,"N/A",3000,2025,"Estimations basées sur recensements kényans, SIL Ethnologue, et études démographiques"
PPL_JIE,"Jie",FLG_NILOTIQUE,75000,1,"N/A",75000,2025,"Estimations basées sur recensements ougandais, SIL Ethnologue, et études démographiques"
PPL_JIE_SUD,"Jie du Sud",FLG_NILOTIQUE,45000,1,"N/A",45000,2025,"Estimations basées sur recensements ougandais, SIL Ethnologue, et études démographiques"
PPL_JOPADHOLA,"Jopadhola",FLG_NILOTIQUE,650000,1,"N/A",650000,2025,"Estimations basées sur recensements ougandais, SIL Ethnologue, et études démographiques"
PPL_KALENJIN (à vérifier si fichier existe),"Kalenjin",FLG_NILOTIQUE,7200000,1,"N/A",7200000,2025,"N/A"
PPL_KARAMOJONG,"Karamojong",FLG_NILOTIQUE,1250000,1,"N/A",1250000,2025,"Estimations basées sur recensements ougandais, SIL Ethnologue, et études démographiques"
PPL_KUMAM,"Kumam",FLG_NILOTIQUE,300000,1,"N/A",300000,2025,"Estimations basées sur recensements ougandais, SIL Ethnologue, et études démographiques"
PPL_LANGI,"Langi",FLG_NILOTIQUE,1500000,1,"N/A",1500000,2025,"Fiche pays UGA, estimations ONU"
PPL_LANGO,"Lango",FLG_NILOTIQUE,1750000,1,"N/A",1750000,2025,"Estimations basées sur recensements ougandais, SIL Ethnologue, et études démographiques"
PPL_LUO (à vérifier si fichier existe),"Luo",FLG_NILOTIQUE,5600000,1,"N/A",5600000,2025,"N/A"
PPL_LUO_PAGU,"Luo Pagu",FLG_NILOTIQUE,400000,1,"N/A",400000,2025,"Estimations basées sur recensements, SIL Ethnologue, et études démographiques"
PPL_MAASAI,"Maasai",FLG_NILOTIQUE,1750000,1,"N/A",1750000,2025,"Estimations basées sur recensements, SIL Ethnologue, et études démographiques"
PPL_MABAN,"Maban",FLG_NILOTIQUE,150000,1,"N/A",150000,2025,"Estimations basées sur recensements, SIL Ethnologue, et études démographiques"
PPL_MURLE,"Murle",FLG_NILOTIQUE,300000,1,"N/A",300000,2025,"Estimations basées sur recensements, SIL Ethnologue, et études démographiques"
PPL_NILOTIQUE_MACRO,"Peuples Nilotiques (macro-groupe)",FLG_NILOTIQUE,12500000,1,"N/A",12500000,2025,"Estimations basées sur CIA World Factbook, recensements nationaux, et études démographiques"
PPL_NUER,"Nuer",FLG_NILOTIQUE,2500000,1,"N/A",2500000,2025,"Estimations basées sur recensements, SIL Ethnologue, et études démographiques"
PPL_RENDILLE,"Rendille",FLG_NILOTIQUE,75000,1,"N/A",75000,2025,"Estimations basées sur recensements kényans, SIL Ethnologue, et études démographiques"
PPL_SAMBURU,"Samburu",FLG_NILOTIQUE,400000,1,"N/A",400000,2025,"Estimations basées sur recensements kényans, SIL Ethnologue, et études démographiques"
PPL_SHILLUK,"Shilluk",FLG_NILOTIQUE,650000,1,"N/A",650000,2025,"Estimations basées sur recensements soudanais, SIL Ethnologue, et études démographiques"
PPL_SURMANuer),"Surma (Nuer)",FLG_NILOTIQUE,150000,1,"N/A",150000,2025,"Estimations basées sur recensements, SIL Ethnologue, et études démographiques"
PPL_TOPOSA,"Toposa",FLG_NILOTIQUE,400000,1,"N/A",400000,2025,"Estimations basées sur recensements, SIL Ethnologue, et études démographiques"
PPL_TURKANA,"Turkana",FLG_NILOTIQUE,1250000,1,"N/A",1250000,2025,"Estimations basées sur recensements kényans, SIL Ethnologue, et études démographiques"
PPL_BENCH,"Bench",FLG_OMOTIQUE,250000,1,"N/A",250000,2025,"Estimations basées sur recensements éthiopiens, SIL Ethnologue, et études démographiques"
PPL_DIMME,"Dimme",FLG_OMOTIQUE,75000,1,"N/A",75000,2025,"Estimations basées sur recensements éthiopiens, SIL Ethnologue, et études démographiques"
PPL_DIZI,"Dizi",FLG_OMOTIQUE,45000,1,"N/A",45000,2025,"Estimations basées sur recensements éthiopiens, SIL Ethnologue, et études démographiques"
PPL_KOYRA,"Koyra",FLG_OMOTIQUE,35000,1,"N/A",35000,2025,"Estimations basées sur recensements éthiopiens, SIL Ethnologue, et études démographiques"
PPL_MAATS,"Maats",FLG_OMOTIQUE,35000,1,"N/A",35000,2025,"Estimations basées sur recensements éthiopiens, SIL Ethnologue, et études démographiques"
PPL_MALLE,"Malle",FLG_OMOTIQUE,35000,1,"N/A",35000,2025,"Estimations basées sur recensements éthiopiens, SIL Ethnologue, et études démographiques"
PPL_MEEN,"Me'en",FLG_OMOTIQUE,175000,1,"N/A",175000,2025,"Estimations basées sur recensements éthiopiens, SIL Ethnologue, et études démographiques"
PPL_OMOTIQUE_MACRO,"Peuples Omotiques (macro-groupe)",FLG_OMOTIQUE,1250000,1,"N/A",1250000,2025,"Estimations basées sur recensements éthiopiens, SIL Ethnologue, et études démographiques"
PPL_BERI,"Beri",FLG_SAHARIEN,75000,1,"N/A",75000,2025,"Estimations basées sur recensements, SIL Ethnologue, et études démographiques"
PPL_BIDEYAT,"Bideyat",FLG_SAHARIEN,150000,1,"N/A",150000,2025,"Estimations basées sur recensements, SIL Ethnologue, et études démographiques"
PPL_BUDUMA,"Buduma",FLG_SAHARIEN,75000,1,"N/A",75000,2025,"Estimations basées sur recensements, SIL Ethnologue, et études démographiques"
PPL_DAZA,"Daza",FLG_SAHARIEN,300000,1,"N/A",300000,2025,"Estimations basées sur recensements, SIL Ethnologue, et études démographiques"
PPL_KANEMBU,"Kanembu",FLG_SAHARIEN,650000,1,"N/A",650000,2025,"Estimations basées sur recensements tchadiens, SIL Ethnologue, et études démographiques"
PPL_KANURI,"Kanuri",FLG_SAHARIEN,4500000,1,"N/A",4500000,2025,"Estimations basées sur CIA World Factbook, recensements nationaux, et études démographiques"
PPL_KREDA,"Kreda",FLG_SAHARIEN,75000,1,"N/A",75000,2025,"Estimations basées sur recensements tchadiens, SIL Ethnologue, et études démographiques"
PPL_SAHARIEN_MACRO,"Peuples Sahariens (macro-groupe)",FLG_SAHARIEN,5750000,1,"N/A",5750000,2025,"Estimations basées sur CIA World Factbook, recensements nationaux, et études démographiques"
PPL_TEDA,"Teda",FLG_SAHARIEN,150000,1,"N/A",150000,2025,"Estimations basées sur recensements, SIL Ethnologue, et études démographiques"
PPL_TOUBOU,"Toubou",FLG_SAHARIEN,650000,1,"N/A",650000,2025,"Estimations basées sur recensements, SIL Ethnologue, et études démographiques"
PPL_YERIMA,"Yerima",FLG_SAHARIEN,75000,1,"N/A",75000,2025,"Estimations basées sur recensements tchadiens, SIL Ethnologue, et études démographiques"
PPL_ZAGHAWA,"Zaghawa",FLG_SAHARIEN,300000,1,"N/A",300000,2025,"Estimations basées sur recensements, SIL Ethnologue, et études démographiques"
PPL_AMHARA,"Amhara",FLG_SEMITIQUE,29000000,1,"N/A",29000000,2025,"peuple_demographie_globale.csv (AFRIK 2025)"
PPL_ARABES_AFRIQUE,"Arabes d'Afrique",FLG_SEMITIQUE,190000000,1,"N/A",190000000,2025,"Estimations basées sur CIA World Factbook, ONU, recensements nationaux, et études démographiques régionales"
PPL_ARABES_SOMALIENS,"Arabes somaliens",FLG_SEMITIQUE,450000,1,"N/A",450000,2025,"N/A"
PPL_GURAGE,"Gurage",FLG_SEMITIQUE,1900000,1,"N/A",1900000,2025,"peuple_demographie_globale.csv"
PPL_HABESHA,"Habesha",FLG_SEMITIQUE,37500000,1,"N/A",37500000,2025,"Estimations basées sur CIA World Factbook, recensements éthiopiens et érythréens, et études démographiques"
PPL_HARATINE,"Haratine",FLG_SEMITIQUE,1425000,1,"N/A",1425000,2025,"N/A"
PPL_RASHAIDA,"Rashaida",FLG_SEMITIQUE,70000,1,"N/A",70000,2025,"N/A"
PPL_TIGRAY,"Tigrayans",FLG_SEMITIQUE,5900000,1,"N/A",5900000,2025,"peuple_demographie_globale.csv"
PPL_TIGRE,"Tigré",FLG_SEMITIQUE,1350000,1,"N/A",1350000,2025,"Estimations basées sur CIA World Factbook, recensements érythréens, et études démographiques régionales"
PPL_DENDI,"Dendi",FLG_SONGHAY,200000,1,"N/A",200000,2025,"Estimations basées sur recensements, SIL Ethnologue, et études démographiques"
PPL_KOYRA_BORO_SEYO,"Koyra Boro Seyo",FLG_SONGHAY,75000,1,"N/A",75000,2025,"Estimations basées sur recensements maliens, SIL Ethnologue, et études démographiques"
PPL_KOYRA_CHIINI,"Koyra Chiini",FLG_SONGHAY,150000,1,"N/A",150000,2025,"Estimations basées sur recensements maliens, SIL Ethnologue, et études démographiques"
PPL_KURTEY,"Kurtey",FLG_SONGHAY,75000,1,"N/A",75000,2025,"Estimations basées sur recensements maliens, SIL Ethnologue, et études démographiques"
PPL_SONGHAY_GURMA,"Songhay Gurma",FLG_SONGHAY,150000,1,"N/A",150000,2025,"Estimations basées sur recensements, SIL Ethnologue, et études démographiques"
PPL_SONGHAY_MACRO,"Peuples Songhay (macro-groupe)",FLG_SONGHAY,4000000,1,"N/A",4000000,2025,"Estimations basées sur CIA World Factbook, recensements nationaux, et études démographiques"
PPL_SONGHAY_NIGERIEN,"Songhay Nigérien",FLG_SONGHAY,300000,1,"N/A",300000,2025,"Estimations basées sur recensements nigériens, SIL Ethnologue, et études démographiques"
PPL_WOGO,"Wogo",FLG_SONGHAY,75000,1,"N/A",75000,2025,"Estimations basées sur recensements maliens, SIL Ethnologue, et études démographiques"
PPL_ZARMA,"Zarma",FLG_SONGHAY,2250000,1,"N/A",2250000,2025,"Estimations basées sur recensements nigériens et nigérianes, CIA World Factbook, et études démographiques"
PPL_ARINGA,"Aringa",FLG_SOUDANIQUECENTRAL,150000,1,"N/A",150000,2025,"Estimations basées sur recensements ougandais, SIL Ethnologue, et études démographiques"
PPL_AZANDE_SUD,"Azande du Sud",FLG_SOUDANIQUECENTRAL,2000000,2,"RDC, RCA",2000000,2025,"Estimations basées sur recensements, SIL Ethnologue, et études démographiques"
PPL_BANDA,"Banda",FLG_SOUDANIQUECENTRAL,1250000,2,"RCA, RDC",1250000,2025,"Estimations basées sur recensements, SIL Ethnologue, et études démographiques"
PPL_BARMA,"Barma",FLG_SOUDANIQUECENTRAL,300000,1,"N/A",300000,2025,"Estimations basées sur recensements tchadiens, SIL Ethnologue, et études démographiques"
PPL_BELANDA,"Belanda",FLG_SOUDANIQUECENTRAL,75000,1,"N/A",75000,2025,"Estimations basées sur recensements soudanais, SIL Ethnologue, et études démographiques"
PPL_BONGO,"Bongo",FLG_SOUDANIQUECENTRAL,75000,1,"N/A",75000,2025,"Estimations basées sur recensements soudanais, SIL Ethnologue, et études démographiques"
PPL_FOUR,"Four",FLG_SOUDANIQUECENTRAL,2000000,1,"N/A",2000000,2025,"N/A"
PPL_FURU,"Furu",FLG_SOUDANIQUECENTRAL,75000,1,"N/A",75000,2025,"Estimations basées sur recensements soudanais, SIL Ethnologue, et études démographiques"
PPL_KAKWA,"Kakwa",FLG_SOUDANIQUECENTRAL,300000,1,"RDC",300000,2025,"Estimations basées sur recensements, SIL Ethnologue, et études démographiques"
PPL_KRESH,"Kresh",FLG_SOUDANIQUECENTRAL,75000,1,"N/A",75000,2025,"Estimations basées sur recensements soudanais, SIL Ethnologue, et études démographiques"
PPL_LUGBARA,"Lugbara",FLG_SOUDANIQUECENTRAL,1250000,1,"RDC",1250000,2025,"Estimations basées sur recensements, SIL Ethnologue, et études démographiques"
PPL_MADI,"Madi",FLG_SOUDANIQUECENTRAL,400000,1,"N/A",400000,2025,"Estimations basées sur recensements, SIL Ethnologue, et études démographiques"
PPL_MANGBETU,"Mangbetu",FLG_SOUDANIQUECENTRAL,650000,1,"RDC",650000,2025,"Estimations basées sur recensements congolais, SIL Ethnologue, et études démographiques"
PPL_MORU,"Moru",FLG_SOUDANIQUECENTRAL,300000,1,"N/A",300000,2025,"Estimations basées sur recensements soudanais, SIL Ethnologue, et études démographiques"
PPL_NDAI,"Ndai",FLG_SOUDANIQUECENTRAL,75000,1,"N/A",75000,2025,"Estimations basées sur recensements soudanais, SIL Ethnologue, et études démographiques"
PPL_NGBANDE,"Ngbande",FLG_SOUDANIQUECENTRAL,300000,2,"RCA, RDC",300000,2025,"Estimations basées sur recensements, SIL Ethnologue, et études démographiques"
PPL_SANGO_SCT,"Sango (Soudanique central)",FLG_SOUDANIQUECENTRAL,750000,1,"RCA",750000,2025,"Estimations basées sur recensements centrafricains, SIL Ethnologue, et études démographiques"
PPL_SARA,"Sara",FLG_SOUDANIQUECENTRAL,3500000,1,"RCA",3500000,2025,"Estimations basées sur recensements, SIL Ethnologue, et études démographiques"
PPL_SCT_MACRO,"Peuples Soudaniques Centraux (macro-groupe)",FLG_SOUDANIQUECENTRAL,6500000,2,"RDC, RCA",6500000,2025,"Estimations basées sur CIA World Factbook, recensements nationaux, et études démographiques"
PPL_YULI,"Yuli",FLG_SOUDANIQUECENTRAL,75000,1,"N/A",75000,2025,"Estimations basées sur recensements soudanais, SIL Ethnologue, et études démographiques"
PPL_ZANDE,"Zande",FLG_SOUDANIQUECENTRAL,2000000,2,"RDC, RCA",2000000,2025,"Estimations basées sur recensements, SIL Ethnologue, et études démographiques"
PPL_BABUR,"Babur",FLG_TCHADIQUE,150000,1,"N/A",150000,2025,"Estimations basées sur recensements nigérians, SIL Ethnologue, et études démographiques"
PPL_BADE,"Bade",FLG_TCHADIQUE,300000,1,"N/A",300000,2025,"Estimations basées sur recensements nigérians, SIL Ethnologue, et études démographiques"
PPL_BIDYOGO,"Bidyogo",FLG_TCHADIQUE,40000,1,"N/A",40000,2025,"Estimations basées sur recensements guinéens, SIL Ethnologue, et études démographiques"
PPL_BOLIWA,"Boliwa",FLG_TCHADIQUE,150000,1,"N/A",150000,2025,"Estimations basées sur recensements nigérians, SIL Ethnologue, et études démographiques"
PPL_BURA,"Bura",FLG_TCHADIQUE,650000,1,"N/A",650000,2025,"Estimations basées sur recensements nigérians, SIL Ethnologue, et études démographiques"
PPL_GUWA,"Guwa",FLG_TCHADIQUE,75000,1,"N/A",75000,2025,"Estimations basées sur recensements nigérians, SIL Ethnologue, et études démographiques"
PPL_GWANDARA,"Gwandara",FLG_TCHADIQUE,300000,1,"N/A",300000,2025,"Estimations basées sur recensements nigérians, SIL Ethnologue, et études démographiques"
PPL_JARAWA,"Jarawa",FLG_TCHADIQUE,150000,1,"N/A",150000,2025,"Estimations basées sur recensements nigérians, SIL Ethnologue, et études démographiques"
PPL_KENGA,"Kenga",FLG_TCHADIQUE,75000,1,"N/A",75000,2025,"Estimations basées sur recensements tchadiens, SIL Ethnologue, et études démographiques"
PPL_KERA,"Kera",FLG_TCHADIQUE,75000,1,"N/A",75000,2025,"Estimations basées sur recensements, SIL Ethnologue, et études démographiques"
PPL_KIRDI,"Kirdi",FLG_TCHADIQUE,3600000,1,"N/A",3600000,2025,"N/A"
PPL_LAGWAN,"Lagwan",FLG_TCHADIQUE,75000,1,"N/A",75000,2025,"Estimations basées sur recensements, SIL Ethnologue, et études démographiques"
PPL_MANGA,"Manga",FLG_TCHADIQUE,150000,1,"N/A",150000,2025,"Estimations basées sur recensements nigériens, SIL Ethnologue, et études démographiques"
PPL_MARGI,"Margi",FLG_TCHADIQUE,300000,1,"N/A",300000,2025,"Estimations basées sur recensements nigérians, SIL Ethnologue, et études démographiques"
PPL_MASA,"Masa",FLG_TCHADIQUE,300000,1,"N/A",300000,2025,"Estimations basées sur recensements, SIL Ethnologue, et études démographiques"
PPL_MBOGO,"Mbogo",FLG_TCHADIQUE,150000,1,"N/A",150000,2025,"Estimations basées sur recensements nigérians, SIL Ethnologue, et études démographiques"
PPL_MOBE,"Mobe",FLG_TCHADIQUE,75000,1,"N/A",75000,2025,"Estimations basées sur recensements camerounais, SIL Ethnologue, et études démographiques"
PPL_MOFU,"Mofu",FLG_TCHADIQUE,420000,1,"N/A",420000,2025,"peuple_demographie_globale.csv"
PPL_NGIZIM,"Ngizim",FLG_TCHADIQUE,150000,1,"N/A",150000,2025,"Estimations basées sur recensements nigérians, SIL Ethnologue, et études démographiques"
PPL_PODOKO,"Podoko",FLG_TCHADIQUE,150000,1,"N/A",150000,2025,"Estimations basées sur recensements, SIL Ethnologue, et études démographiques"
PPL_SOKORO,"Sokoro",FLG_TCHADIQUE,75000,1,"N/A",75000,2025,"Estimations basées sur recensements tchadiens, SIL Ethnologue, et études démographiques"
PPL_TERA,"Tera",FLG_TCHADIQUE,300000,1,"N/A",300000,2025,"Estimations basées sur recensements nigérians, SIL Ethnologue, et études démographiques"
PPL_GHOWA,"Gǀowa",FLG_TUU,350,1,"N/A",350,2025,"Estimations basées sur recensements botswanais, SIL Ethnologue, et études démographiques"
PPL_KATIA,"Katia",FLG_TUU,350,1,"N/A",350,2025,"Estimations basées sur recensements botswanais, SIL Ethnologue, et études démographiques"
PPL_NUU,"Nǀuu",FLG_TUU,150,1,"N/A",150,2025,"Estimations basées sur recensements, SIL Ethnologue, et études démographiques"
PPL_TAA,"Taa (ǃXóõ)",FLG_TUU,2500,1,"N/A",2500,2025,"Estimations basées sur recensements, SIL Ethnologue, et études démographiques"
PPL_TUU_MACRO,"Peuples Tuu (macro-groupe)",FLG_TUU,2750,1,"N/A",2750,2025,"Estimations basées sur recensements, SIL Ethnologue, et études démographiques"
PPL_WEST_TAA,"West Taa",FLG_TUU,750,1,"N/A",750,2025,"Estimations basées sur recensements, SIL Ethnologue, et études démographiques"
PPL_BLANCS_NAMIBIENS,"Blancs namibiens",,150000,1,"N/A",150000,2025,"N/A"
PPL_PORTUGAIS_SANTOMEENS,"Portugais santoméens",,10000,1,"N/A",10000,2025,"N/A"
PPL_BAGA,"Baga",FLG_ATLANTIQUE,160000,1,"GIN",160000,2025,"AFRIK, estimations basées sur recensements et études démographiques"
PPL_BIJAOGO,"BIJAOGO",FLG_ATLANTIQUE,33000,1,"N/A",33000,2025,"AFRIK, estimations basées sur recensements et études démographiques"
PPL_DIOLA,"DIOLA",FLG_ATLANTIQUE,820000,1,"N/A",820000,2025,"AFRIK, estimations basées sur recensements et études démographiques"
PPL_FULANI,"Fulɓe (Fula / Peul)",FLG_ATLANTIQUE,38600000,7,"SEN, GIN, MLI, BFA, NER, CMR, TCD",38600000,2025,"AFRIK, estimations basées sur recensements et études démographiques"
PPL_KURANKO,"KURANKO",FLG_ATLANTIQUE,430000,1,"N/A",430000,2025,"AFRIK, estimations basées sur recensements et études démographiques"
PPL_KUSSI,"KUSSI",FLG_ATLANTIQUE,42000,1,"N/A",42000,2025,"AFRIK, estimations basées sur recensements et études démographiques"
PPL_LIMBA,"LIMBA",FLG_ATLANTIQUE,540000,1,"SLE",540000,2025,"AFRIK, estimations basées sur recensements et études démographiques"
PPL_MANKANYA,"Mankanya",FLG_ATLANTIQUE,115000,2,"SEN, GIN",115000,2025,"AFRIK, estimations basées sur recensements et études démographiques"
PPL_NALU,"NALU",FLG_ATLANTIQUE,27000,2,"GIN, GIN",27000,2025,"AFRIK, estimations basées sur recensements et études démographiques"
PPL_SAPEY,"SAPEY",FLG_ATLANTIQUE,150000,1,"N/A",150000,2025,"AFRIK, estimations basées sur recensements et études démographiques"
PPL_SERERE,"SERERE",FLG_ATLANTIQUE,150000,1,"N/A",150000,2025,"AFRIK, estimations basées sur recensements et études démographiques"
PPL_YALUNKA,"YALUNKA",FLG_ATLANTIQUE,260000,1,"N/A",260000,2025,"AFRIK, estimations basées sur recensements et études démographiques"
PPL_AFEMAI,"AFEMAI",FLG_BENOUECONGO,1800000,1,"N/A",1800000,2025,"AFRIK, estimations basées sur recensements et études démographiques"
PPL_ALAGO,"ALAGO",FLG_BENOUECONGO,250000,1,"N/A",250000,2025,"AFRIK, estimations basées sur recensements et études démographiques"
PPL_ANAGO,"ANAGO",FLG_BENOUECONGO,1200000,1,"N/A",1200000,2025,"AFRIK, estimations basées sur recensements et études démographiques"
PPL_BASSA_NIGERIA,"BASSA_NIGERIA",FLG_BENOUECONGO,350000,1,"N/A",350000,2025,"AFRIK, estimations basées sur recensements et études démographiques"
PPL_BILLE,"BILLE",FLG_BENOUECONGO,11013,1,"N/A",11013,2025,"AFRIK, estimations basées sur recensements et études démographiques"
PPL_DANGME,"DANGME",FLG_BENOUECONGO,850000,1,"N/A",850000,2025,"AFRIK, estimations basées sur recensements et études démographiques"
PPL_EKPEYE,"EKPEYE",FLG_BENOUECONGO,61013,1,"N/A",61013,2025,"AFRIK, estimations basées sur recensements et études démographiques"
PPL_ESAN,"ESAN",FLG_BENOUECONGO,1500000,1,"N/A",1500000,2025,"AFRIK, estimations basées sur recensements et études démographiques"
PPL_FON,"FON",FLG_BENOUECONGO,3500000,1,"N/A",3500000,2025,"AFRIK, estimations basées sur recensements et études démographiques"
PPL_GA,"GA",FLG_BENOUECONGO,1120000,1,"N/A",1120000,2025,"AFRIK, estimations basées sur recensements et études démographiques"
PPL_IGALA,"IGALA",FLG_BENOUECONGO,2100000,1,"N/A",2100000,2025,"AFRIK, estimations basées sur recensements et études démographiques"
PPL_JUKUN,"JUKUN",FLG_BENOUECONGO,226013,1,"N/A",226013,2025,"AFRIK, estimations basées sur recensements et études démographiques"
PPL_KALAIBARI,"KALAIBARI",FLG_BENOUECONGO,451013,1,"N/A",451013,2025,"AFRIK, estimations basées sur recensements et études démographiques"
PPL_KUTAEB,"KUTAEB",FLG_BENOUECONGO,61013,1,"N/A",61013,2025,"AFRIK, estimations basées sur recensements et études démographiques"
PPL_NEMBE,"NEMBE",FLG_BENOUECONGO,76013,1,"N/A",76013,2025,"AFRIK, estimations basées sur recensements et études démographiques"
PPL_OGBRI,"OGBRI",FLG_BENOUECONGO,235000,1,"N/A",235000,2025,"AFRIK, estimations basées sur recensements et études démographiques"
PPL_ORON,"ORON",FLG_BENOUECONGO,151013,1,"N/A",151013,2025,"AFRIK, estimations basées sur recensements et études démographiques"
PPL_AIT_ATTA,"Aït Atta",FLG_BERBERE,500000,1,"MAR",500000,2025,"AFRIK, estimations basées sur recensements et études démographiques"
PPL_AIT_HDZ,"AIT_HDZ",FLG_BERBERE,800000,1,"N/A",800000,2025,"AFRIK, estimations basées sur recensements et études démographiques"
PPL_CHAOUI,"CHAOUI",FLG_BERBERE,2870000,1,"DZA",2870000,2025,"AFRIK, estimations basées sur recensements et études démographiques"
PPL_CHLEUH,"CHLEUH",FLG_BERBERE,8000000,1,"N/A",8000000,2025,"AFRIK, estimations basées sur recensements et études démographiques"
PPL_MOZABITE,"MOZABITE",FLG_BERBERE,150000,1,"N/A",150000,2025,"AFRIK, estimations basées sur recensements et études démographiques"
PPL_RIFAIN,"RIFAIN",FLG_BERBERE,1200000,1,"N/A",1200000,2025,"AFRIK, estimations basées sur recensements et études démographiques"
PPL_AFAR,"AFAR",FLG_COUCHITIQUE,3350000,1,"N/A",3350000,2025,"AFRIK, estimations basées sur recensements et études démographiques"
PPL_AGAW,"AGAW",FLG_COUCHITIQUE,1900000,1,"N/A",1900000,2025,"AFRIK, estimations basées sur recensements et études démographiques"
PPL_ALABA,"ALABA",FLG_COUCHITIQUE,350000,1,"ETH",350000,2025,"AFRIK, estimations basées sur recensements et études démographiques"
PPL_BEJA,"BEJA",FLG_COUCHITIQUE,2250000,1,"N/A",2250000,2025,"AFRIK, estimations basées sur recensements et études démographiques"
PPL_BILEN,"BILEN",FLG_COUCHITIQUE,110000,1,"ERI",110000,2025,"AFRIK, estimations basées sur recensements et études démographiques"
PPL_GABRA,"GABRA",FLG_COUCHITIQUE,475000,1,"N/A",475000,2025,"AFRIK, estimations basées sur recensements et études démographiques"
PPL_HADIYA,"HADIYA",FLG_COUCHITIQUE,2200000,1,"ETH",2200000,2025,"AFRIK, estimations basées sur recensements et études démographiques"
PPL_KAMBATA,"KAMBATA",FLG_COUCHITIQUE,1400000,1,"ETH",1400000,2025,"AFRIK, estimations basées sur recensements et études démographiques"
PPL_OROMO,"Oromo",FLG_COUCHITIQUE,45000000,2,"ETH, KEN",45000000,2025,"AFRIK, estimations basées sur recensements et études démographiques"
PPL_QEMANT,"QEMANT",FLG_COUCHITIQUE,172000,1,"ETH",172000,2025,"AFRIK, estimations basées sur recensements et études démographiques"
PPL_SIDAMA,"SIDAMA",FLG_COUCHITIQUE,3900000,1,"ETH",3900000,2025,"AFRIK, estimations basées sur recensements et études démographiques"
PPL_SILTIE,"SILTIE",FLG_COUCHITIQUE,1250000,1,"ETH",1250000,2025,"AFRIK, estimations basées sur recensements et études démographiques"
PPL_SOMALI,"SOMALI",FLG_COUCHITIQUE,27700000,4,"SOM, DJI, ETH, KEN",27700000,2025,"AFRIK, estimations basées sur recensements et études démographiques"
PPL_BUSSA,"Bissa / Bisa",FLG_GUR,620000,1,"N/A",620000,2025,"AFRIK, estimations basées sur recensements et études démographiques"
PPL_KASEENA,"KASEENA",FLG_GUR,230000,1,"N/A",230000,2025,"AFRIK, estimations basées sur recensements et études démographiques"
PPL_KOULOUGO,"KOULOUGO",FLG_GUR,180000,1,"N/A",180000,2025,"AFRIK, estimations basées sur recensements et études démographiques"
PPL_KUSASI,"KUSASI",FLG_GUR,900000,1,"N/A",900000,2025,"AFRIK, estimations basées sur recensements et études démographiques"
PPL_NABT,"NABT",FLG_GUR,45000,1,"N/A",45000,2025,"AFRIK, estimations basées sur recensements et études démographiques"
PPL_TAAL,"TAAL",FLG_GUR,15000,1,"N/A",15000,2025,"AFRIK, estimations basées sur recensements et études démographiques"
PPL_TALENSI,"TALENSI",FLG_GUR,100000,1,"N/A",100000,2025,"AFRIK, estimations basées sur recensements et études démographiques"
PPL_WIYANA,"WIYANA",FLG_GUR,18000,1,"N/A",18000,2025,"AFRIK, estimations basées sur recensements et études démographiques"
PPL_GODIE,"GODIE",FLG_KROU,96000,1,"N/A",96000,2025,"AFRIK, estimations basées sur recensements et études démographiques"
PPL_GUERE,"GUERE",FLG_KROU,820000,1,"N/A",820000,2025,"AFRIK, estimations basées sur recensements et études démographiques"
PPL_KLAO,"KLAO",FLG_KROU,93000,1,"N/A",93000,2025,"AFRIK, estimations basées sur recensements et études démographiques"
PPL_BASSA,"BASSA",FLG_MANDE,720000,1,"N/A",720000,2025,"AFRIK, estimations basées sur recensements et études démographiques"
PPL_AARI,"Aari",FLG_OMOTIQUE,650000,1,"ETH",650000,2025,"AFRIK, estimations basées sur recensements et études démographiques"
PPL_BASKETO,"Basketo",FLG_OMOTIQUE,125000,1,"N/A",125000,2025,"AFRIK, estimations basées sur recensements et études démographiques"
PPL_DAWRO,"DAWRO",FLG_OMOTIQUE,950000,1,"N/A",950000,2025,"AFRIK, estimations basées sur recensements et études démographiques"
PPL_GAMO,"GAMO",FLG_OMOTIQUE,1700000,1,"N/A",1700000,2025,"AFRIK, estimations basées sur recensements et études démographiques"
PPL_GEDEO,"GEDEO",FLG_OMOTIQUE,1470000,1,"N/A",1470000,2025,"AFRIK, estimations basées sur recensements et études démographiques"
PPL_KAFA,"KAFA",FLG_OMOTIQUE,960000,1,"ETH",960000,2025,"AFRIK, estimations basées sur recensements et études démographiques"
PPL_KOORETE,"KOORETE",FLG_OMOTIQUE,140000,1,"ETH",140000,2025,"AFRIK, estimations basées sur recensements et études démographiques"
PPL_SHEKO,"SHEKO",FLG_OMOTIQUE,80000,1,"ETH",80000,2025,"AFRIK, estimations basées sur recensements et études démographiques"
PPL_WOLAYTA,"WOLAYTA",FLG_OMOTIQUE,2060000,1,"N/A",2060000,2025,"AFRIK, estimations basées sur recensements et études démographiques"
PPL_ARGOBBA,"ARGOBBA",FLG_SEMITIQUE,130000,1,"ETH",130000,2025,"AFRIK, estimations basées sur recensements et études démographiques"
PPL_HARARI,"HARARI",FLG_SEMITIQUE,75000,1,"ETH",75000,2025,"AFRIK, estimations basées sur recensements et études démographiques"
PPL_GIZIGA,"GIZIGA",FLG_TCHADIQUE,340000,1,"N/A",340000,2025,"AFRIK, estimations basées sur recensements et études démographiques"
PPL_HAUSA,"Hausa",FLG_TCHADIQUE,86000000,6,"NGA, NER, CMR, GHA, TCD, SDN",86000000,2025,"AFRIK, estimations basées sur recensements et études démographiques"
PPL_MAFA,"MAFA",FLG_TCHADIQUE,1020000,2,"CMR, NGA",1020000,2025,"AFRIK, estimations basées sur recensements et études démographiques"
PPL_MANDARA,"MANDARA",FLG_TCHADIQUE,310000,2,"CMR, NGA",310000,2025,"AFRIK, estimations basées sur recensements et études démographiques"
PPL_MUSGU,"MUSGU",FLG_TCHADIQUE,310000,1,"N/A",310000,2025,"AFRIK, estimations basées sur recensements et études démographiques"
